dataset,mode,attack,n,nc_mean,nc_std,ba_mean,ba_std,ber_mean,empty_mean,votes_mean,extraction_seconds_mean
Boundary,legacy,compound,1,0.801531910859373,0.0,0.765625,0.0,0.234375,0.0,66.779296875,0.13796850002836436
Boundary,legacy,crop_half_x,1,0.9992060340153568,0.0,0.9990234375,0.0,0.0009765625,0.0,117.234375,0.20961129199713469
Boundary,legacy,no_attack,1,1.0,0.0,1.0,0.0,0.0,0.0,120.939453125,0.22772445797454566
Boundary,legacy,noise_10pct_0p6tau,1,0.9944340175269573,0.0,0.9931640625,0.0,0.0068359375,0.0,120.953125,0.22097675001714379
Boundary,legacy,noise_50pct_1p4tau,1,0.8198291112197837,0.0,0.7861328125,0.0,0.2138671875,0.0,120.9990234375,0.2100507079740055
Boundary,legacy,object_delete_30pct,1,0.9976174711631861,0.0,0.9970703125,0.0,0.0029296875,0.0,86.5810546875,0.16147583298152313
Boundary,legacy,object_delete_90pct,1,0.8969900329145698,0.0,0.873046875,0.0,0.126953125,0.0,17.671875,0.03205329104093835
Boundary,legacy,reverse_objects,1,1.0,0.0,1.0,0.0,0.0,0.0,120.939453125,0.23802208300912753
Boundary,legacy,reverse_vertices,1,1.0,0.0,1.0,0.0,0.0,0.0,120.9404296875,0.20503662497503683
Boundary,legacy,rotation_135,1,0.9992060340153568,0.0,0.9990234375,0.0,0.0009765625,0.0,120.94921875,0.20667266700183973
Boundary,legacy,rotation_180,1,1.0,0.0,1.0,0.0,0.0,0.0,120.9384765625,0.21517495799344033
Boundary,legacy,rotation_225,1,0.9984114366459335,0.0,0.998046875,0.0,0.001953125,0.0,120.94921875,0.21138970798347145
Boundary,legacy,rotation_270,1,0.9992060340153568,0.0,0.9990234375,0.0,0.0009765625,0.0,120.9404296875,0.21111570799257606
Boundary,legacy,rotation_315,1,0.9992060340153568,0.0,0.9990234375,0.0,0.0009765625,0.0,120.9482421875,0.21329479198902845
Boundary,legacy,rotation_45,1,0.9992060340153568,0.0,0.9990234375,0.0,0.0009765625,0.0,120.94921875,0.2048282910254784
Boundary,legacy,rotation_90,1,1.0,0.0,1.0,0.0,0.0,0.0,120.939453125,0.217341415991541
Boundary,legacy,scale_0p5,1,1.0,0.0,1.0,0.0,0.0,0.0,120.9287109375,0.21630687499418855
Boundary,legacy,translation_10,1,1.0,0.0,1.0,0.0,0.0,0.0,120.9443359375,0.20470116700744256
Boundary,legacy,vertex_add_10pct,1,0.9936419552606822,0.0,0.9921875,0.0,0.0078125,0.0,133.08203125,0.22589195799082518
Boundary,legacy,vertex_add_30pct,1,0.9695060096188166,0.0,0.962890625,0.0,0.037109375,0.0,157.1181640625,0.2701863340334967
Boundary,legacy,vertex_add_50pct,1,0.9034765305583988,0.0,0.8828125,0.0,0.1171875,0.0,181.2607421875,0.297933624999132
Boundary,legacy,vertex_delete_30pct,1,0.9720152795189112,0.0,0.9658203125,0.0,0.0341796875,0.0,84.9296875,0.15479687496554106
Boundary,legacy,vertex_delete_50pct,1,0.8727036150462316,0.0,0.8466796875,0.0,0.1533203125,0.0,60.888671875,0.10791550000431016
Building,legacy,compound,1,0.8986572798468974,0.0,0.8759765625,0.0,0.1240234375,0.0,24.76171875,0.08932975004427135
Building,legacy,crop_half_x,1,0.9856431249310681,0.0,0.982421875,0.0,0.017578125,0.0,39.9951171875,0.1215325000230223
Building,legacy,no_attack,1,0.9864479554980152,0.0,0.9833984375,0.0,0.0166015625,0.0,40.1689453125,0.1327415420091711
Building,legacy,noise_10pct_0p6tau,1,0.9840623009386205,0.0,0.98046875,0.0,0.01953125,0.0,40.62109375,0.1267027499852702
Building,legacy,noise_50pct_1p4tau,1,0.8729242689879139,0.0,0.8447265625,0.0,0.1552734375,0.0,41.880859375,0.14001979201566428
Building,legacy,object_delete_30pct,1,0.9888585178963917,0.0,0.986328125,0.0,0.013671875,0.0,28.625,0.10140891699120402
Building,legacy,object_delete_90pct,1,0.9194744451420719,0.0,0.90234375,0.0,0.09765625,43.0,3.912109375,0.01803833298617974
Building,legacy,reverse_objects,1,0.9864479554980152,0.0,0.9833984375,0.0,0.0166015625,0.0,40.1689453125,0.13538887503091246
Building,legacy,reverse_vertices,1,0.9856737883701553,0.0,0.982421875,0.0,0.017578125,0.0,40.1689453125,0.12481708300765604
Building,legacy,rotation_135,1,0.9888585178963917,0.0,0.986328125,0.0,0.013671875,0.0,41.705078125,0.12237212498439476
Building,legacy,rotation_180,1,0.9968216095175163,0.0,0.99609375,0.0,0.00390625,0.0,37.4873046875,0.12332020897883922
Building,legacy,rotation_225,1,0.9888585178963917,0.0,0.986328125,0.0,0.013671875,0.0,41.62109375,0.12660183297703043
Building,legacy,rotation_270,1,0.9872521301150827,0.0,0.984375,0.0,0.015625,0.0,40.1689453125,0.1251296250266023
Building,legacy,rotation_315,1,0.9880556503830986,0.0,0.9853515625,0.0,0.0146484375,0.0,41.78125,0.12443600001279265
Building,legacy,rotation_45,1,0.9912429266746571,0.0,0.9892578125,0.0,0.0107421875,0.0,41.705078125,0.12260033399797976
Building,legacy,rotation_90,1,0.9864620122373194,0.0,0.9833984375,0.0,0.0166015625,0.0,40.1689453125,0.1215680839959532
Building,legacy,scale_0p5,1,0.9976162063830435,0.0,0.9970703125,0.0,0.0029296875,0.0,37.0205078125,0.11905195802683011
Building,legacy,translation_10,1,0.9944340175269573,0.0,0.9931640625,0.0,0.0068359375,0.0,40.095703125,0.11397983302595094
Building,legacy,vertex_add_10pct,1,0.984045648229397,0.0,0.98046875,0.0,0.01953125,0.0,43.7861328125,0.13951670803362504
Building,legacy,vertex_add_30pct,1,0.9712658346160282,0.0,0.96484375,0.0,0.03515625,0.0,51.1220703125,0.143842332996428
Building,legacy,vertex_add_50pct,1,0.9441087306876195,0.0,0.931640625,0.0,0.068359375,0.0,58.40234375,0.15612004196736962
Building,legacy,vertex_delete_30pct,1,0.9688898203677916,0.0,0.9619140625,0.0,0.0380859375,0.0,31.3056640625,0.12367683398770168
Building,legacy,vertex_delete_50pct,1,0.929309268519847,0.0,0.9130859375,0.0,0.0869140625,0.0,25.791015625,0.10804308298975229
Lake,legacy,compound,1,0.8491213024464579,0.0,0.8193359375,0.0,0.1806640625,0.0,36.939453125,0.09171029197750613
Lake,legacy,crop_half_x,1,0.9992060340153568,0.0,0.9990234375,0.0,0.0009765625,0.0,61.6357421875,0.12144804198760539
Lake,legacy,no_attack,1,1.0,0.0,1.0,0.0,0.0,0.0,64.197265625,0.1401444170041941
Lake,legacy,noise_10pct_0p6tau,1,0.9968216095175163,0.0,0.99609375,0.0,0.00390625,0.0,64.244140625,0.13509279099525884
Lake,legacy,noise_50pct_1p4tau,1,0.8287899232572371,0.0,0.794921875,0.0,0.205078125,0.0,64.380859375,0.1305999580072239
Lake,legacy,object_delete_30pct,1,0.9992060340153568,0.0,0.9990234375,0.0,0.0009765625,0.0,47.5322265625,0.10875033301999792
Lake,legacy,object_delete_90pct,1,0.9049694551062131,0.0,0.880859375,0.0,0.119140625,0.0,6.4609375,0.017503500042948872
Lake,legacy,reverse_objects,1,1.0,0.0,1.0,0.0,0.0,0.0,64.197265625,0.14259366696933284
Lake,legacy,reverse_vertices,1,1.0,0.0,1.0,0.0,0.0,0.0,64.1982421875,0.1331211660290137
Lake,legacy,rotation_135,1,1.0,0.0,1.0,0.0,0.0,0.0,64.2861328125,0.1318533329758793
Lake,legacy,rotation_180,1,1.0,0.0,1.0,0.0,0.0,0.0,64.1982421875,0.13024341699201614
Lake,legacy,rotation_225,1,1.0,0.0,1.0,0.0,0.0,0.0,64.2880859375,0.12835462496150285
Lake,legacy,rotation_270,1,1.0,0.0,1.0,0.0,0.0,0.0,64.2001953125,0.13235966605134308
Lake,legacy,rotation_315,1,1.0,0.0,1.0,0.0,0.0,0.0,64.2900390625,0.1311163330101408
Lake,legacy,rotation_45,1,1.0,0.0,1.0,0.0,0.0,0.0,64.287109375,0.13099954096833244
Lake,legacy,rotation_90,1,1.0,0.0,1.0,0.0,0.0,0.0,64.2001953125,0.13515262497821823
Lake,legacy,scale_0p5,1,1.0,0.0,1.0,0.0,0.0,0.0,63.244140625,0.1269538749475032
Lake,legacy,translation_10,1,1.0,0.0,1.0,0.0,0.0,0.0,64.1572265625,0.1302328750025481
Lake,legacy,vertex_add_10pct,1,0.9984126984126984,0.0,0.998046875,0.0,0.001953125,0.0,70.5029296875,0.1455821660347283
Lake,legacy,vertex_add_30pct,1,0.9824172109183679,0.0,0.978515625,0.0,0.021484375,0.0,83.1572265625,0.16147870797431096
Lake,legacy,vertex_add_50pct,1,0.9394637594497343,0.0,0.9267578125,0.0,0.0732421875,0.0,95.720703125,0.18325724999886006
Lake,legacy,vertex_delete_30pct,1,0.980114167674569,0.0,0.9755859375,0.0,0.0244140625,0.0,45.7763671875,0.10608429100830108
Lake,legacy,vertex_delete_50pct,1,0.9192671669651021,0.0,0.90234375,0.0,0.09765625,0.0,33.482421875,0.07761091698193923
Landuse,legacy,compound,1,0.8937081801542928,0.0,0.8701171875,0.0,0.1298828125,0.0,25.083984375,0.06917620898457244
Landuse,legacy,crop_half_x,1,0.9992060340153568,0.0,0.9990234375,0.0,0.0009765625,0.0,41.591796875,0.1026735000195913
Landuse,legacy,no_attack,1,0.9992060340153568,0.0,0.9990234375,0.0,0.0009765625,0.0,41.69140625,0.10333200002787635
Landuse,legacy,noise_10pct_0p6tau,1,0.9976212494588167,0.0,0.9970703125,0.0,0.0029296875,0.0,41.9345703125,0.10162520798621699
Landuse,legacy,noise_50pct_1p4tau,1,0.8704278541370057,0.0,0.841796875,0.0,0.158203125,0.0,42.638671875,0.11115199996856973
Landuse,legacy,object_delete_30pct,1,0.9984126984126984,0.0,0.998046875,0.0,0.001953125,0.0,30.7890625,0.08484162500826642
Landuse,legacy,object_delete_90pct,1,0.9217025570731429,0.0,0.90234375,0.0,0.09765625,4.0,4.4765625,0.013909582979977131
Landuse,legacy,reverse_objects,1,0.9992060340153568,0.0,0.9990234375,0.0,0.0009765625,0.0,41.69140625,0.11523558298358694
Landuse,legacy,reverse_vertices,1,0.9992060340153568,0.0,0.9990234375,0.0,0.0009765625,0.0,41.693359375,0.10524075001012534
Landuse,legacy,rotation_135,1,0.9976212494588167,0.0,0.9970703125,0.0,0.0029296875,0.0,42.595703125,0.10473474999889731
Landuse,legacy,rotation_180,1,0.9992060340153568,0.0,0.9990234375,0.0,0.0009765625,0.0,41.6904296875,0.10132645897101611
Landuse,legacy,rotation_225,1,0.9984126984126984,0.0,0.998046875,0.0,0.001953125,0.0,42.552734375,0.09951191698201
Landuse,legacy,rotation_270,1,0.9992060340153568,0.0,0.9990234375,0.0,0.0009765625,0.0,41.69140625,0.1035349169978872
Landuse,legacy,rotation_315,1,0.9992060340153568,0.0,0.9990234375,0.0,0.0009765625,0.0,42.640625,0.10326175001682714
Landuse,legacy,rotation_45,1,0.9984126984126984,0.0,0.998046875,0.0,0.001953125,0.0,42.595703125,0.10082291695289314
Landuse,legacy,rotation_90,1,0.9992060340153568,0.0,0.9990234375,0.0,0.0009765625,0.0,41.689453125,0.10202891699736938
Landuse,legacy,scale_0p5,1,1.0,0.0,1.0,0.0,0.0,0.0,40.5458984375,0.10099304100731388
Landuse,legacy,translation_10,1,0.9968253968253968,0.0,0.99609375,0.0,0.00390625,0.0,41.6904296875,0.10577145795105025
Landuse,legacy,vertex_add_10pct,1,0.9992060340153568,0.0,0.9990234375,0.0,0.0009765625,0.0,45.6474609375,0.11712524999165908
Landuse,legacy,vertex_add_30pct,1,0.9952380952380953,0.0,0.994140625,0.0,0.005859375,0.0,53.6826171875,0.13269570900592953
Landuse,legacy,vertex_add_50pct,1,0.9523064499218378,0.0,0.94140625,0.0,0.05859375,0.0,61.5576171875,0.12774750002427027
Landuse,legacy,vertex_delete_30pct,1,0.9912933744490251,0.0,0.9892578125,0.0,0.0107421875,0.0,30.8359375,0.0971457920386456
Landuse,legacy,vertex_delete_50pct,1,0.9374588563774604,0.0,0.923828125,0.0,0.076171875,0.0,23.630859375,0.07844895799644291
Railways,legacy,compound,1,0.9360837420717975,0.0,0.9208984375,0.0,0.0791015625,0.0,30.8134765625,0.0916977499728091
Railways,legacy,crop_half_x,1,1.0,0.0,1.0,0.0,0.0,0.0,48.7333984375,0.12880225002299994
Railways,legacy,no_attack,1,1.0,0.0,1.0,0.0,0.0,0.0,51.244140625,0.14904420805396512
Railways,legacy,noise_10pct_0p6tau,1,1.0,0.0,1.0,0.0,0.0,0.0,51.244140625,0.13352154201129451
Railways,legacy,noise_50pct_1p4tau,1,0.8860912478088324,0.0,0.861328125,0.0,0.138671875,0.0,51.244140625,0.1280807500006631
Railways,legacy,object_delete_30pct,1,1.0,0.0,1.0,0.0,0.0,0.0,37.0126953125,0.09829283400904387
Railways,legacy,object_delete_90pct,1,0.9454619308661563,0.0,0.9326171875,0.0,0.0673828125,0.0,5.9306640625,0.016262417018879205
Railways,legacy,reverse_objects,1,1.0,0.0,1.0,0.0,0.0,0.0,51.244140625,0.14173124998342246
Railways,legacy,reverse_vertices,1,1.0,0.0,1.0,0.0,0.0,0.0,51.244140625,0.1316298749879934
Railways,legacy,rotation_135,1,1.0,0.0,1.0,0.0,0.0,0.0,51.244140625,0.13489624997600913
Railways,legacy,rotation_180,1,1.0,0.0,1.0,0.0,0.0,0.0,51.2431640625,0.13026645797071978
Railways,legacy,rotation_225,1,1.0,0.0,1.0,0.0,0.0,0.0,51.244140625,0.1294839580077678
Railways,legacy,rotation_270,1,1.0,0.0,1.0,0.0,0.0,0.0,51.244140625,0.12475845799781382
Railways,legacy,rotation_315,1,1.0,0.0,1.0,0.0,0.0,0.0,51.244140625,0.13296449999324977
Railways,legacy,rotation_45,1,1.0,0.0,1.0,0.0,0.0,0.0,51.244140625,0.13447829202050343
Railways,legacy,rotation_90,1,1.0,0.0,1.0,0.0,0.0,0.0,51.244140625,0.13009729096665978
Railways,legacy,scale_0p5,1,1.0,0.0,1.0,0.0,0.0,0.0,51.2421875,0.12886462500318885
Railways,legacy,translation_10,1,1.0,0.0,1.0,0.0,0.0,0.0,51.244140625,0.1273342499625869
Railways,legacy,vertex_add_10pct,1,0.9992072927806908,0.0,0.9990234375,0.0,0.0009765625,0.0,55.828125,0.14186458301264793
Railways,legacy,vertex_add_30pct,1,0.9976174711631861,0.0,0.9970703125,0.0,0.0029296875,0.0,65.0322265625,0.15720658400096
Railways,legacy,vertex_add_50pct,1,0.9825131653617625,0.0,0.978515625,0.0,0.021484375,0.0,74.2451171875,0.16913045902037993
Railways,legacy,vertex_delete_30pct,1,0.9992072927806908,0.0,0.9990234375,0.0,0.0009765625,0.0,39.2275390625,0.1299544580397196
Railways,legacy,vertex_delete_50pct,1,0.9928631194931944,0.0,0.9912109375,0.0,0.0087890625,0.0,31.15625,0.10099512501619756
Road,legacy,compound,1,0.8287178952487311,0.0,0.7919921875,0.0,0.2080078125,0.0,38.0859375,0.08500362501945347
Road,legacy,crop_half_x,1,0.9968253968253968,0.0,0.99609375,0.0,0.00390625,0.0,66.826171875,0.12008575000800192
Road,legacy,no_attack,1,0.9992072927806908,0.0,0.9990234375,0.0,0.0009765625,0.0,67.697265625,0.13187941705109552
Road,legacy,noise_10pct_0p6tau,1,0.9944491628150685,0.0,0.9931640625,0.0,0.0068359375,0.0,67.701171875,0.12352274998556823
Road,legacy,noise_50pct_1p4tau,1,0.8297216844473545,0.0,0.796875,0.0,0.203125,0.0,67.7265625,0.12582216697046533
Road,legacy,object_delete_30pct,1,0.9968253968253968,0.0,0.99609375,0.0,0.00390625,0.0,48.9541015625,0.09923437505494803
Road,legacy,object_delete_90pct,1,0.8775360348869248,0.0,0.8505859375,0.0,0.1494140625,0.0,7.8564453125,0.014884000003803521
Road,legacy,reverse_objects,1,0.998416467731765,0.0,0.998046875,0.0,0.001953125,0.0,67.697265625,0.13210954098030925
Road,legacy,reverse_vertices,1,0.9992072927806908,0.0,0.9990234375,0.0,0.0009765625,0.0,67.6962890625,0.1170710000442341
Road,legacy,rotation_135,1,0.9984126984126984,0.0,0.998046875,0.0,0.001953125,0.0,67.697265625,0.11262791603803635
Road,legacy,rotation_180,1,0.9992072927806908,0.0,0.9990234375,0.0,0.0009765625,0.0,67.697265625,0.12301949999528006
Road,legacy,rotation_225,1,0.9984126984126984,0.0,0.998046875,0.0,0.001953125,0.0,67.697265625,0.11449679097859189
Road,legacy,rotation_270,1,0.9984126984126984,0.0,0.998046875,0.0,0.001953125,0.0,67.697265625,0.11557066696695983
Road,legacy,rotation_315,1,0.9968253968253968,0.0,0.99609375,0.0,0.00390625,0.0,67.697265625,0.11631866602692753
Road,legacy,rotation_45,1,0.9984126984126984,0.0,0.998046875,0.0,0.001953125,0.0,67.697265625,0.11898220900911838
Road,legacy,rotation_90,1,0.9984126984126984,0.0,0.998046875,0.0,0.001953125,0.0,67.697265625,0.12841404101345688
Road,legacy,scale_0p5,1,0.9992072927806908,0.0,0.9990234375,0.0,0.0009765625,0.0,67.697265625,0.1146605410031043
Road,legacy,translation_10,1,0.9992072927806908,0.0,0.9990234375,0.0,0.0009765625,0.0,67.697265625,0.11399929196340963
Road,legacy,vertex_add_10pct,1,0.993662103599709,0.0,0.9921875,0.0,0.0078125,0.0,74.4033203125,0.14056599995819852
Road,legacy,vertex_add_30pct,1,0.9691238740619862,0.0,0.9619140625,0.0,0.0380859375,0.0,87.8251953125,0.16588820796459913
Road,legacy,vertex_add_50pct,1,0.9073667665491842,0.0,0.88671875,0.0,0.11328125,0.0,101.1435546875,0.20022666704608127
Road,legacy,vertex_delete_30pct,1,0.981792159997437,0.0,0.9775390625,0.0,0.0224609375,0.0,47.90234375,0.09200612502172589
Road,legacy,vertex_delete_50pct,1,0.8869471730568279,0.0,0.861328125,0.0,0.138671875,0.0,34.689453125,0.0667326669790782
