dataset,mode,attack,seed,nc,bit_accuracy,ber,extraction_seconds,votes_total,empty_bins,votes_min,votes_median,votes_mean,votes_max,ties,variant,eigengap,retained_vertices
Railways,legacy,no_attack,0,1.0,1.0,0.0,0.14904420805396512,52474,0,28,51.0,51.244140625,141,0,embed_pca_key,0.12545973753338166,52474
Railways,legacy,vertex_delete_30pct,0,0.9992072927806908,0.9990234375,0.0009765625,0.1299544580397196,40169,0,20,39.0,39.2275390625,99,0,embed_pca_key,0.10877302739077183,40169
Railways,legacy,vertex_delete_50pct,0,0.9928631194931944,0.9912109375,0.0087890625,0.10099512501619756,31904,0,14,31.0,31.15625,72,4,embed_pca_key,0.09121429017686458,31904
Railways,legacy,object_delete_30pct,0,1.0,1.0,0.0,0.09829283400904387,37901,0,18,37.0,37.0126953125,108,0,embed_pca_key,0.04693438843405607,37901
Railways,legacy,object_delete_90pct,0,0.9454619308661563,0.9326171875,0.0673828125,0.016262417018879205,6073,0,1,6.0,5.9306640625,20,65,embed_pca_key,0.16530030618292535,6073
Railways,legacy,vertex_add_10pct,0,0.9992072927806908,0.9990234375,0.0009765625,0.14186458301264793,57168,0,33,56.0,55.828125,137,0,embed_pca_key,0.12863338571491695,57168
Railways,legacy,vertex_add_30pct,0,0.9976174711631861,0.9970703125,0.0029296875,0.15720658400096,66593,0,37,65.0,65.0322265625,146,2,embed_pca_key,0.12530113458846082,66593
Railways,legacy,vertex_add_50pct,0,0.9825131653617625,0.978515625,0.021484375,0.16913045902037993,76027,0,50,74.0,74.2451171875,128,4,embed_pca_key,0.13594883725062903,76027
Railways,legacy,noise_10pct_0p6tau,0,1.0,1.0,0.0,0.13352154201129451,52474,0,29,51.0,51.244140625,117,0,embed_pca_key,0.08288753758831344,52474
Railways,legacy,noise_50pct_1p4tau,0,0.8860912478088324,0.861328125,0.138671875,0.1280807500006631,52474,0,27,51.0,51.244140625,76,29,embed_pca_key,0.014451779827313218,52474
Railways,legacy,crop_half_x,0,1.0,1.0,0.0,0.12880225002299994,49903,0,29,49.0,48.7333984375,138,0,embed_pca_key,0.12695812083641603,49903
Railways,legacy,translation_10,0,1.0,1.0,0.0,0.1273342499625869,52474,0,28,51.0,51.244140625,141,0,embed_pca_key,0.12545973753338088,52474
Railways,legacy,scale_0p5,0,1.0,1.0,0.0,0.12886462500318885,52472,0,28,51.0,51.2421875,141,0,embed_pca_key,0.12545973753338166,52474
Railways,legacy,rotation_45,0,1.0,1.0,0.0,0.13447829202050343,52474,0,28,51.0,51.244140625,141,0,pca_++,0.12545973753338197,52474
Railways,legacy,rotation_90,0,1.0,1.0,0.0,0.13009729096665978,52474,0,28,51.0,51.244140625,141,0,pca_++,0.12545973753338166,52474
Railways,legacy,rotation_135,0,1.0,1.0,0.0,0.13489624997600913,52474,0,28,51.0,51.244140625,141,0,pca_++,0.12545973753338197,52474
Railways,legacy,rotation_180,0,1.0,1.0,0.0,0.13026645797071978,52473,0,28,51.0,51.2431640625,141,0,embed_pca_key,0.12545973753338177,52474
Railways,legacy,rotation_225,0,1.0,1.0,0.0,0.1294839580077678,52474,0,28,51.0,51.244140625,141,0,pca_++,0.1254597375333813,52474
Railways,legacy,rotation_270,0,1.0,1.0,0.0,0.12475845799781382,52474,0,28,51.0,51.244140625,141,0,pca_++,0.12545973753338177,52474
Railways,legacy,rotation_315,0,1.0,1.0,0.0,0.13296449999324977,52474,0,28,51.0,51.244140625,141,0,pca_++,0.12545973753338258,52474
Railways,legacy,reverse_vertices,0,1.0,1.0,0.0,0.1316298749879934,52474,0,28,51.0,51.244140625,141,0,embed_pca_key,0.1254597375333812,52474
Railways,legacy,reverse_objects,0,1.0,1.0,0.0,0.14173124998342246,52474,0,28,51.0,51.244140625,141,0,embed_pca_key,0.12545973753338213,52474
Railways,legacy,compound,0,0.9360837420717975,0.9208984375,0.0791015625,0.0916977499728091,31553,0,10,31.0,30.8134765625,55,26,embed_pca_key,0.004683173633112247,31553
Building,legacy,no_attack,0,0.9864479554980152,0.9833984375,0.0166015625,0.1327415420091711,41133,0,15,37.0,40.1689453125,235,0,embed_pca_key,0.5932081428242003,43465
Building,legacy,vertex_delete_30pct,0,0.9688898203677916,0.9619140625,0.0380859375,0.12367683398770168,32057,0,10,28.0,31.3056640625,233,4,embed_pca_key,0.5930665603489516,34389
Building,legacy,vertex_delete_50pct,0,0.929309268519847,0.9130859375,0.0869140625,0.10804308298975229,26410,0,7,23.0,25.791015625,229,21,embed_pca_key,0.594810443450193,28742
Building,legacy,object_delete_30pct,0,0.9888585178963917,0.986328125,0.013671875,0.10140891699120402,29312,0,9,26.0,28.625,168,3,embed_pca_key,0.5852760776126812,30981
Building,legacy,object_delete_90pct,0,0.9194744451420719,0.90234375,0.09765625,0.01803833298617974,4006,43,0,3.0,3.912109375,26,72,embed_pca_key,0.6260963220764283,4268
Building,legacy,vertex_add_10pct,0,0.984045648229397,0.98046875,0.01953125,0.13951670803362504,44837,0,19,41.0,43.7861328125,238,0,embed_pca_key,0.5935056608583787,47169
Building,legacy,vertex_add_30pct,0,0.9712658346160282,0.96484375,0.03515625,0.143842332996428,52349,0,26,49.0,51.1220703125,242,4,embed_pca_key,0.5940981795571857,54681
Building,legacy,vertex_add_50pct,0,0.9441087306876195,0.931640625,0.068359375,0.15612004196736962,59804,0,33,56.0,58.40234375,251,17,embed_pca_key,0.5943694811263505,62136
Building,legacy,noise_10pct_0p6tau,0,0.9840623009386205,0.98046875,0.01953125,0.1267027499852702,41596,0,13,38.0,40.62109375,197,3,embed_pca_key,0.031406785675522714,44676
Building,legacy,noise_50pct_1p4tau,0,0.8729242689879139,0.8447265625,0.1552734375,0.14001979201566428,42886,0,23,41.0,41.880859375,101,46,embed_pca_key,0.0020126915864105885,48263
Building,legacy,crop_half_x,0,0.9856431249310681,0.982421875,0.017578125,0.1215325000230223,40955,0,15,37.0,39.9951171875,234,0,embed_pca_key,0.5951052618463044,43289
Building,legacy,translation_10,0,0.9944340175269573,0.9931640625,0.0068359375,0.11397983302595094,41058,0,15,35.0,40.095703125,868,0,embed_pca_key,0.5932081428241991,43465
Building,legacy,scale_0p5,0,0.9976162063830435,0.9970703125,0.0029296875,0.11905195802683011,37909,0,15,34.0,37.0205078125,207,0,embed_pca_key,0.5932081428242003,43465
Building,legacy,rotation_45,0,0.9912429266746571,0.9892578125,0.0107421875,0.12260033399797976,42706,0,15,39.0,41.705078125,266,3,pca_++,0.5932081428242001,43465
Building,legacy,rotation_90,0,0.9864620122373194,0.9833984375,0.0166015625,0.1215680839959532,41133,0,15,37.0,40.1689453125,231,0,pca_++,0.5932081428242004,43465
Building,legacy,rotation_135,0,0.9888585178963917,0.986328125,0.013671875,0.12237212498439476,42706,0,15,39.0,41.705078125,269,2,pca_++,0.5932081428242001,43465
Building,legacy,rotation_180,0,0.9968216095175163,0.99609375,0.00390625,0.12332020897883922,38387,0,15,34.0,37.4873046875,287,0,embed_pca_key,0.5932081428242004,43465
Building,legacy,rotation_225,0,0.9888585178963917,0.986328125,0.013671875,0.12660183297703043,42620,0,15,38.5,41.62109375,231,1,pca_++,0.5932081428241999,43465
Building,legacy,rotation_270,0,0.9872521301150827,0.984375,0.015625,0.1251296250266023,41133,0,15,37.0,40.1689453125,213,1,pca_++,0.5932081428242005,43465
Building,legacy,rotation_315,0,0.9880556503830986,0.9853515625,0.0146484375,0.12443600001279265,42784,0,15,39.0,41.78125,224,1,pca_++,0.5932081428242016,43465
Building,legacy,reverse_vertices,0,0.9856737883701553,0.982421875,0.017578125,0.12481708300765604,41133,0,15,37.0,40.1689453125,240,0,embed_pca_key,0.593208142824199,43465
Building,legacy,reverse_objects,0,0.9864479554980152,0.9833984375,0.0166015625,0.13538887503091246,41133,0,15,37.0,40.1689453125,235,0,embed_pca_key,0.5932081428242004,43465
Building,legacy,compound,0,0.8986572798468974,0.8759765625,0.1240234375,0.08932975004427135,25356,0,9,23.0,24.76171875,479,46,embed_pca_key,0.034970108174608695,28069
Landuse,legacy,no_attack,0,0.9992060340153568,0.9990234375,0.0009765625,0.10333200002787635,42692,0,21,40.0,41.69140625,340,0,embed_pca_key,0.7793776250035502,43939
Landuse,legacy,vertex_delete_30pct,0,0.9912933744490251,0.9892578125,0.0107421875,0.0971457920386456,31576,0,11,30.0,30.8359375,200,5,embed_pca_key,0.7792653828773238,32823
Landuse,legacy,vertex_delete_50pct,0,0.9374588563774604,0.923828125,0.076171875,0.07844895799644291,24198,0,8,23.0,23.630859375,109,25,embed_pca_key,0.7793057464720254,25445
Landuse,legacy,object_delete_30pct,0,0.9984126984126984,0.998046875,0.001953125,0.08484162500826642,31528,0,14,30.0,30.7890625,260,1,embed_pca_key,0.7795210937612396,32419
Landuse,legacy,object_delete_90pct,0,0.9217025570731429,0.90234375,0.09765625,0.013909582979977131,4584,4,0,4.0,4.4765625,41,81,embed_pca_key,0.7756183440742216,4714
Landuse,legacy,vertex_add_10pct,0,0.9992060340153568,0.9990234375,0.0009765625,0.11712524999165908,46743,0,24,45.0,45.6474609375,312,0,embed_pca_key,0.7791677741312845,47990
Landuse,legacy,vertex_add_30pct,0,0.9952380952380953,0.994140625,0.005859375,0.13269570900592953,54971,0,33,53.0,53.6826171875,265,4,embed_pca_key,0.778979065656108,56218
Landuse,legacy,vertex_add_50pct,0,0.9523064499218378,0.94140625,0.05859375,0.12774750002427027,63035,0,32,61.0,61.5576171875,225,16,embed_pca_key,0.7792970080213242,64282
Landuse,legacy,noise_10pct_0p6tau,0,0.9976212494588167,0.9970703125,0.0029296875,0.10162520798621699,42941,0,21,41.0,41.9345703125,293,2,embed_pca_key,0.4109892106770824,44625
Landuse,legacy,noise_50pct_1p4tau,0,0.8704278541370057,0.841796875,0.158203125,0.11115199996856973,43662,0,24,42.0,42.638671875,112,39,embed_pca_key,0.04105204785514325,46588
Landuse,legacy,crop_half_x,0,0.9992060340153568,0.9990234375,0.0009765625,0.1026735000195913,42590,0,21,40.0,41.591796875,339,0,embed_pca_key,0.7799662740705751,43837
Landuse,legacy,translation_10,0,0.9968253968253968,0.99609375,0.00390625,0.10577145795105025,42691,0,21,39.0,41.6904296875,459,0,embed_pca_key,0.7793776250035505,43939
Landuse,legacy,scale_0p5,0,1.0,1.0,0.0,0.10099304100731388,41519,0,21,40.0,40.5458984375,337,0,pca_++,0.7793776250035502,43939
Landuse,legacy,rotation_45,0,0.9984126984126984,0.998046875,0.001953125,0.10082291695289314,43618,0,24,41.0,42.595703125,344,1,pca_++,0.779377625003551,43939
Landuse,legacy,rotation_90,0,0.9992060340153568,0.9990234375,0.0009765625,0.10202891699736938,42690,0,22,41.0,41.689453125,343,0,pca_++,0.7793776250035503,43939
Landuse,legacy,rotation_135,0,0.9976212494588167,0.9970703125,0.0029296875,0.10473474999889731,43618,0,22,41.0,42.595703125,340,0,pca_++,0.779377625003551,43939
Landuse,legacy,rotation_180,0,0.9992060340153568,0.9990234375,0.0009765625,0.10132645897101611,42691,0,21,40.0,41.6904296875,342,0,pca_++,0.7793776250035502,43939
Landuse,legacy,rotation_225,0,0.9984126984126984,0.998046875,0.001953125,0.09951191698201,43574,0,23,41.0,42.552734375,339,0,pca_++,0.7793776250035506,43939
Landuse,legacy,rotation_270,0,0.9992060340153568,0.9990234375,0.0009765625,0.1035349169978872,42692,0,21,40.0,41.69140625,341,0,pca_++,0.7793776250035505,43939
Landuse,legacy,rotation_315,0,0.9992060340153568,0.9990234375,0.0009765625,0.10326175001682714,43664,0,22,42.0,42.640625,340,0,pca_++,0.7793776250035506,43939
Landuse,legacy,reverse_vertices,0,0.9992060340153568,0.9990234375,0.0009765625,0.10524075001012534,42694,0,21,41.0,41.693359375,344,0,embed_pca_key,0.77937762500355,43939
Landuse,legacy,reverse_objects,0,0.9992060340153568,0.9990234375,0.0009765625,0.11523558298358694,42692,0,21,40.0,41.69140625,340,0,embed_pca_key,0.7793776250035499,43939
Landuse,legacy,compound,0,0.8937081801542928,0.8701171875,0.1298828125,0.06917620898457244,25686,0,9,24.0,25.083984375,298,45,embed_pca_key,0.26291812404002074,27179
Boundary,legacy,no_attack,0,1.0,1.0,0.0,0.22772445797454566,123842,0,89,121.0,120.939453125,199,1,embed_pca_key,0.5115432108378744,123933
Boundary,legacy,vertex_delete_30pct,0,0.9720152795189112,0.9658203125,0.0341796875,0.15479687496554106,86968,0,55,85.0,84.9296875,151,9,embed_pca_key,0.5114873542341766,87059
Boundary,legacy,vertex_delete_50pct,0,0.8727036150462316,0.8466796875,0.1533203125,0.10791550000431016,62350,0,34,60.5,60.888671875,127,34,embed_pca_key,0.5124275829916638,62441
Boundary,legacy,object_delete_30pct,0,0.9976174711631861,0.9970703125,0.0029296875,0.16147583298152313,88659,0,59,86.0,86.5810546875,144,3,embed_pca_key,0.4794801338967082,88726
Boundary,legacy,object_delete_90pct,0,0.8969900329145698,0.873046875,0.126953125,0.03205329104093835,18096,0,6,17.0,17.671875,37,53,embed_pca_key,0.7106715099449785,18114
Boundary,legacy,vertex_add_10pct,0,0.9936419552606822,0.9921875,0.0078125,0.22589195799082518,136276,0,99,132.0,133.08203125,205,1,embed_pca_key,0.5110216967445723,136361
Boundary,legacy,vertex_add_30pct,0,0.9695060096188166,0.962890625,0.037109375,0.2701863340334967,160889,0,119,157.0,157.1181640625,228,5,embed_pca_key,0.5122120728676853,160959
Boundary,legacy,vertex_add_50pct,0,0.9034765305583988,0.8828125,0.1171875,0.297933624999132,185611,0,143,181.0,181.2607421875,267,11,embed_pca_key,0.5110017319939505,185678
Boundary,legacy,noise_10pct_0p6tau,0,0.9944340175269573,0.9931640625,0.0068359375,0.22097675001714379,123856,0,93,121.0,120.953125,182,4,embed_pca_key,0.5094657856407542,123933
Boundary,legacy,noise_50pct_1p4tau,0,0.8198291112197837,0.7861328125,0.2138671875,0.2100507079740055,123903,0,83,121.0,120.9990234375,159,29,embed_pca_key,0.45948259089531285,123933
Boundary,legacy,crop_half_x,0,0.9992060340153568,0.9990234375,0.0009765625,0.20961129199713469,120048,0,88,117.0,117.234375,197,1,embed_pca_key,0.5240785689196212,120139
Boundary,legacy,translation_10,0,1.0,1.0,0.0,0.20470116700744256,123847,0,89,121.0,120.9443359375,199,1,pca_++,0.5115432108378747,123933
Boundary,legacy,scale_0p5,0,1.0,1.0,0.0,0.21630687499418855,123831,0,89,121.0,120.9287109375,199,2,pca_++,0.5115432108378744,123933
Boundary,legacy,rotation_45,0,0.9992060340153568,0.9990234375,0.0009765625,0.2048282910254784,123852,0,89,121.0,120.94921875,198,1,pca_++,0.5115432108378756,123933
Boundary,legacy,rotation_90,0,1.0,1.0,0.0,0.217341415991541,123842,0,89,121.0,120.939453125,199,2,pca_++,0.5115432108378745,123933
Boundary,legacy,rotation_135,0,0.9992060340153568,0.9990234375,0.0009765625,0.20667266700183973,123852,0,89,121.0,120.94921875,198,1,pca_++,0.5115432108378756,123933
Boundary,legacy,rotation_180,0,1.0,1.0,0.0,0.21517495799344033,123841,0,89,121.0,120.9384765625,199,2,pca_++,0.5115432108378745,123933
Boundary,legacy,rotation_225,0,0.9984114366459335,0.998046875,0.001953125,0.21138970798347145,123852,0,89,121.0,120.94921875,198,1,pca_++,0.5115432108378747,123933
Boundary,legacy,rotation_270,0,0.9992060340153568,0.9990234375,0.0009765625,0.21111570799257606,123843,0,89,121.0,120.9404296875,199,1,pca_++,0.5115432108378744,123933
Boundary,legacy,rotation_315,0,0.9992060340153568,0.9990234375,0.0009765625,0.21329479198902845,123851,0,89,121.0,120.9482421875,197,1,pca_++,0.5115432108378752,123933
Boundary,legacy,reverse_vertices,0,1.0,1.0,0.0,0.20503662497503683,123843,0,89,121.0,120.9404296875,199,2,embed_pca_key,0.5115432108378747,123933
Boundary,legacy,reverse_objects,0,1.0,1.0,0.0,0.23802208300912753,123842,0,89,121.0,120.939453125,199,1,embed_pca_key,0.5115432108378763,123933
Boundary,legacy,compound,0,0.801531910859373,0.765625,0.234375,0.13796850002836436,68382,0,43,66.0,66.779296875,99,33,embed_pca_key,0.4756644420225858,68429
Road,legacy,no_attack,0,0.9992072927806908,0.9990234375,0.0009765625,0.13187941705109552,69322,0,36,68.0,67.697265625,92,1,pca_++,0.5103117620278611,69362
Road,legacy,vertex_delete_30pct,0,0.981792159997437,0.9775390625,0.0224609375,0.09200612502172589,49052,0,30,48.0,47.90234375,72,7,embed_pca_key,0.5070947410713367,49092
Road,legacy,vertex_delete_50pct,0,0.8869471730568279,0.861328125,0.138671875,0.0667326669790782,35522,0,14,35.0,34.689453125,53,39,embed_pca_key,0.5070030125519202,35562
Road,legacy,object_delete_30pct,0,0.9968253968253968,0.99609375,0.00390625,0.09923437505494803,50129,0,27,49.0,48.9541015625,72,2,embed_pca_key,0.5065760324943538,50153
Road,legacy,object_delete_90pct,0,0.8775360348869248,0.8505859375,0.1494140625,0.014884000003803521,8045,0,1,8.0,7.8564453125,18,81,embed_pca_key,0.4865182036334795,8053
Road,legacy,vertex_add_10pct,0,0.993662103599709,0.9921875,0.0078125,0.14056599995819852,76189,0,42,74.0,74.4033203125,107,4,embed_pca_key,0.5097847363371913,76228
Road,legacy,vertex_add_30pct,0,0.9691238740619862,0.9619140625,0.0380859375,0.16588820796459913,89933,0,56,88.0,87.8251953125,126,9,embed_pca_key,0.5109098088763543,89964
Road,legacy,vertex_add_50pct,0,0.9073667665491842,0.88671875,0.11328125,0.20022666704608127,103571,0,69,101.0,101.1435546875,140,18,embed_pca_key,0.5095341288680272,103599
Road,legacy,noise_10pct_0p6tau,0,0.9944491628150685,0.9931640625,0.0068359375,0.12352274998556823,69326,0,42,68.0,67.701171875,93,2,embed_pca_key,0.4890312557712437,69362
Road,legacy,noise_50pct_1p4tau,0,0.8297216844473545,0.796875,0.203125,0.12582216697046533,69352,0,43,67.0,67.7265625,98,35,embed_pca_key,0.2484046138828202,69362
Road,legacy,crop_half_x,0,0.9968253968253968,0.99609375,0.00390625,0.12008575000800192,68430,0,36,67.0,66.826171875,92,2,embed_pca_key,0.5145139962393398,68470
Road,legacy,translation_10,0,0.9992072927806908,0.9990234375,0.0009765625,0.11399929196340963,69322,0,36,68.0,67.697265625,92,2,pca_++,0.5103117620278612,69362
Road,legacy,scale_0p5,0,0.9992072927806908,0.9990234375,0.0009765625,0.1146605410031043,69322,0,36,68.0,67.697265625,92,1,pca_++,0.5103117620278611,69362
Road,legacy,rotation_45,0,0.9984126984126984,0.998046875,0.001953125,0.11898220900911838,69322,0,35,68.0,67.697265625,92,3,pca_++,0.5103117620278617,69362
Road,legacy,rotation_90,0,0.9984126984126984,0.998046875,0.001953125,0.12841404101345688,69322,0,36,68.0,67.697265625,92,2,pca_++,0.5103117620278608,69362
Road,legacy,rotation_135,0,0.9984126984126984,0.998046875,0.001953125,0.11262791603803635,69322,0,35,68.0,67.697265625,92,3,pca_++,0.5103117620278617,69362
Road,legacy,rotation_180,0,0.9992072927806908,0.9990234375,0.0009765625,0.12301949999528006,69322,0,35,67.0,67.697265625,92,2,embed_pca_key,0.5103117620278608,69362
Road,legacy,rotation_225,0,0.9984126984126984,0.998046875,0.001953125,0.11449679097859189,69322,0,35,68.0,67.697265625,92,0,pca_++,0.5103117620278612,69362
Road,legacy,rotation_270,0,0.9984126984126984,0.998046875,0.001953125,0.11557066696695983,69322,0,36,68.0,67.697265625,92,2,pca_++,0.5103117620278608,69362
Road,legacy,rotation_315,0,0.9968253968253968,0.99609375,0.00390625,0.11631866602692753,69322,0,35,67.0,67.697265625,92,0,pca_++,0.5103117620278608,69362
Road,legacy,reverse_vertices,0,0.9992072927806908,0.9990234375,0.0009765625,0.1170710000442341,69321,0,36,68.0,67.6962890625,92,1,pca_++,0.5103117620278617,69362
Road,legacy,reverse_objects,0,0.998416467731765,0.998046875,0.001953125,0.13210954098030925,69322,0,36,68.0,67.697265625,92,3,embed_pca_key,0.5103117620278617,69362
Road,legacy,compound,0,0.8287178952487311,0.7919921875,0.2080078125,0.08500362501945347,39000,0,21,38.0,38.0859375,56,37,embed_pca_key,0.4683431203880156,39016
Lake,legacy,no_attack,0,1.0,1.0,0.0,0.1401444170041941,65738,0,37,64.0,64.197265625,93,1,embed_pca_key,0.07122946084577082,65928
Lake,legacy,vertex_delete_30pct,0,0.980114167674569,0.9755859375,0.0244140625,0.10608429100830108,46875,0,23,46.0,45.7763671875,71,11,embed_pca_key,0.06262031875490875,47065
Lake,legacy,vertex_delete_50pct,0,0.9192671669651021,0.90234375,0.09765625,0.07761091698193923,34286,0,17,33.0,33.482421875,53,25,embed_pca_key,0.0560654733789304,34476
Lake,legacy,object_delete_30pct,0,0.9992060340153568,0.9990234375,0.0009765625,0.10875033301999792,48673,0,28,47.0,47.5322265625,78,0,embed_pca_key,0.08415778995675155,48806
Lake,legacy,object_delete_90pct,0,0.9049694551062131,0.880859375,0.119140625,0.017503500042948872,6616,0,1,6.0,6.4609375,20,88,embed_pca_key,0.3522292404236721,6637
Lake,legacy,vertex_add_10pct,0,0.9984126984126984,0.998046875,0.001953125,0.1455821660347283,72195,0,43,70.0,70.5029296875,107,2,embed_pca_key,0.06951052252897999,72385
Lake,legacy,vertex_add_30pct,0,0.9824172109183679,0.978515625,0.021484375,0.16147870797431096,85153,0,56,83.0,83.1572265625,119,6,embed_pca_key,0.07033178353871371,85343
Lake,legacy,vertex_add_50pct,0,0.9394637594497343,0.9267578125,0.0732421875,0.18325724999886006,98018,0,62,96.0,95.720703125,130,13,embed_pca_key,0.07108458636400837,98208
Lake,legacy,noise_10pct_0p6tau,0,0.9968216095175163,0.99609375,0.00390625,0.13509279099525884,65786,0,37,64.0,64.244140625,99,1,embed_pca_key,0.047902884353954754,66221
Lake,legacy,noise_50pct_1p4tau,0,0.8287899232572371,0.794921875,0.205078125,0.1305999580072239,65926,0,40,64.0,64.380859375,93,28,embed_pca_key,0.008286237655843139,67063
Lake,legacy,crop_half_x,0,0.9992060340153568,0.9990234375,0.0009765625,0.12144804198760539,63115,0,34,62.0,61.6357421875,91,0,embed_pca_key,0.08335787790495147,63320
Lake,legacy,translation_10,0,1.0,1.0,0.0,0.1302328750025481,65697,0,36,64.0,64.1572265625,93,0,embed_pca_key,0.0712294608457703,65928
Lake,legacy,scale_0p5,0,1.0,1.0,0.0,0.1269538749475032,64762,0,34,63.0,63.244140625,92,0,embed_pca_key,0.07122946084577082,65928
Lake,legacy,rotation_45,0,1.0,1.0,0.0,0.13099954096833244,65830,0,34,64.0,64.287109375,96,0,pca_++,0.07122946084576887,65928
Lake,legacy,rotation_90,0,1.0,1.0,0.0,0.13515262497821823,65741,0,34,64.0,64.2001953125,93,0,pca_++,0.0712294608457706,65928
Lake,legacy,rotation_135,0,1.0,1.0,0.0,0.1318533329758793,65829,0,34,64.0,64.2861328125,95,0,pca_++,0.07122946084576887,65928
Lake,legacy,rotation_180,0,1.0,1.0,0.0,0.13024341699201614,65739,0,35,64.0,64.1982421875,94,0,pca_++,0.0712294608457707,65928
Lake,legacy,rotation_225,0,1.0,1.0,0.0,0.12835462496150285,65831,0,34,64.0,64.2880859375,94,0,pca_++,0.07122946084577012,65928
Lake,legacy,rotation_270,0,1.0,1.0,0.0,0.13235966605134308,65741,0,34,64.0,64.2001953125,93,0,pca_++,0.0712294608457706,65928
Lake,legacy,rotation_315,0,1.0,1.0,0.0,0.1311163330101408,65833,0,35,64.0,64.2900390625,93,0,pca_++,0.07122946084576752,65928
Lake,legacy,reverse_vertices,0,1.0,1.0,0.0,0.1331211660290137,65739,0,39,64.0,64.1982421875,94,0,embed_pca_key,0.07122946084577057,65928
Lake,legacy,reverse_objects,0,1.0,1.0,0.0,0.14259366696933284,65738,0,37,64.0,64.197265625,93,1,embed_pca_key,0.07122946084577055,65928
Lake,legacy,compound,0,0.8491213024464579,0.8193359375,0.1806640625,0.09171029197750613,37826,0,17,36.0,36.939453125,58,45,embed_pca_key,0.04280136985525841,38670
