dataset,method,attack,nc,bit_accuracy,fitness,embed_seconds,mean_displacement_m,max_displacement_m
Railways,single_candidate,no_attack,0.8341594885534729,0.80078125,0.568141076700408,2.8500673472881317,2.332883378460393e-07,0.00011334273852790971
Railways,single_candidate,delete50,0.7270974040117562,0.677734375,0.568141076700408,2.8500673472881317,2.332883378460393e-07,0.00011334273852790971
Railways,single_candidate,remove90,0.65546138683345,0.5830078125,0.568141076700408,2.8500673472881317,2.332883378460393e-07,0.00011334273852790971
Railways,single_candidate,rotate45,0.8181762299471632,0.7841796875,0.568141076700408,2.8500673472881317,2.332883378460393e-07,0.00011334273852790971
Railways,pso_10x40,no_attack,1.0,1.0,0.949465847896905,7.95369266346097,3.1747941562736136e-07,0.0001923689052865001
Railways,pso_10x40,delete50,0.9912933744490251,0.9892578125,0.949465847896905,7.95369266346097,3.1747941562736136e-07,0.0001923689052865001
Railways,pso_10x40,remove90,0.951869302646364,0.9404296875,0.949465847896905,7.95369266346097,3.1747941562736136e-07,0.0001923689052865001
Railways,pso_10x40,rotate45,1.0,1.0,0.949465847896905,7.95369266346097,3.1747941562736136e-07,0.0001923689052865001
Building,single_candidate,no_attack,0.7495833296881372,0.701171875,0.547794776147055,3.3225286081433296,1.9556923153464198e-08,2.890850353701132e-06
Building,single_candidate,delete50,0.6685898986434122,0.603515625,0.547794776147055,3.3225286081433296,1.9556923153464198e-08,2.890850353701132e-06
Building,single_candidate,remove90,0.6566186963513241,0.58984375,0.547794776147055,3.3225286081433296,1.9556923153464198e-08,2.890850353701132e-06
Building,single_candidate,rotate45,0.7375695366318433,0.6884765625,0.547794776147055,3.3225286081433296,1.9556923153464198e-08,2.890850353701132e-06
Building,pso_10x40,no_attack,0.9992072927806908,0.9990234375,0.96509844577812,6.555192619562149,2.642511131088243e-08,6.9089371477277345e-06
Building,pso_10x40,delete50,0.9170032105390813,0.8974609375,0.96509844577812,6.555192619562149,2.642511131088243e-08,6.9089371477277345e-06
Building,pso_10x40,remove90,0.921743821967309,0.9052734375,0.96509844577812,6.555192619562149,2.642511131088243e-08,6.9089371477277345e-06
Building,pso_10x40,rotate45,0.998416467731765,0.998046875,0.96509844577812,6.555192619562149,2.642511131088243e-08,6.9089371477277345e-06
Landuse,single_candidate,no_attack,0.7810804230317708,0.734375,0.5421024184543092,2.109242994338274,9.676246177196306e-08,8.330988115754429e-06
Landuse,single_candidate,delete50,0.6587909651664139,0.6015625,0.5421024184543092,2.109242994338274,9.676246177196306e-08,8.330988115754429e-06
Landuse,single_candidate,remove90,0.689540848994283,0.6259765625,0.5421024184543092,2.109242994338274,9.676246177196306e-08,8.330988115754429e-06
Landuse,single_candidate,rotate45,0.771944538448715,0.7255859375,0.5421024184543092,2.109242994338274,9.676246177196306e-08,8.330988115754429e-06
Landuse,pso_10x40,no_attack,1.0,1.0,0.9187710586028588,6.279162388294935,1.4232921914444279e-07,5.128522173258799e-05
Landuse,pso_10x40,delete50,0.936121347179264,0.921875,0.9187710586028588,6.279162388294935,1.4232921914444279e-07,5.128522173258799e-05
Landuse,pso_10x40,remove90,0.916733040043237,0.8974609375,0.9187710586028588,6.279162388294935,1.4232921914444279e-07,5.128522173258799e-05
Landuse,pso_10x40,rotate45,1.0,1.0,0.9187710586028588,6.279162388294935,1.4232921914444279e-07,5.128522173258799e-05
Boundary,single_candidate,no_attack,0.8966091734131454,0.875,0.5480738240690958,1.5845706760883331,3.208368287896622e-07,0.0003316263715376685
Boundary,single_candidate,delete50,0.6861549217160765,0.6357421875,0.5480738240690958,1.5845706760883331,3.208368287896622e-07,0.0003316263715376685
Boundary,single_candidate,remove90,0.696842243698339,0.63671875,0.5480738240690958,1.5845706760883331,3.208368287896622e-07,0.0003316263715376685
Boundary,single_candidate,rotate45,0.9068316893776485,0.8876953125,0.5480738240690958,1.5845706760883331,3.208368287896622e-07,0.0003316263715376685
Boundary,pso_10x40,no_attack,1.0,1.0,0.6860624302475631,4.980245850980282,5.235515066690754e-07,0.006791046538119072
Boundary,pso_10x40,delete50,0.8704278541370057,0.841796875,0.6860624302475631,4.980245850980282,5.235515066690754e-07,0.006791046538119072
Boundary,pso_10x40,remove90,0.8484338722302734,0.8115234375,0.6860624302475631,4.980245850980282,5.235515066690754e-07,0.006791046538119072
Boundary,pso_10x40,rotate45,0.9992072927806908,0.9990234375,0.6860624302475631,4.980245850980282,5.235515066690754e-07,0.006791046538119072
Road,single_candidate,no_attack,0.8596589630565906,0.828125,0.5556100242066572,1.1613855846226215,2.7088863297602984e-07,0.0001481111213397198
Road,single_candidate,delete50,0.7002193202794846,0.64453125,0.5556100242066572,1.1613855846226215,2.7088863297602984e-07,0.0001481111213397198
Road,single_candidate,remove90,0.708366080303293,0.64453125,0.5556100242066572,1.1613855846226215,2.7088863297602984e-07,0.0001481111213397198
Road,single_candidate,rotate45,0.846647796863869,0.8134765625,0.5556100242066572,1.1613855846226215,2.7088863297602984e-07,0.0001481111213397198
Road,pso_10x40,no_attack,0.9984126984126984,0.998046875,0.794581986901537,4.061040483415127,3.86095393275648e-07,0.0003726762515505115
Road,pso_10x40,delete50,0.9008726068244959,0.8779296875,0.794581986901537,4.061040483415127,3.86095393275648e-07,0.0003726762515505115
Road,pso_10x40,remove90,0.8878306908480674,0.8623046875,0.794581986901537,4.061040483415127,3.86095393275648e-07,0.0003726762515505115
Road,pso_10x40,rotate45,0.9984126984126984,0.998046875,0.794581986901537,4.061040483415127,3.86095393275648e-07,0.0003726762515505115
Lake,single_candidate,no_attack,0.8297216844473545,0.796875,0.5504708247600963,1.4112844206392765,1.0939131748913883e-07,4.036452418824653e-05
Lake,single_candidate,delete50,0.6764389633235095,0.6201171875,0.5504708247600963,1.4112844206392765,1.0939131748913883e-07,4.036452418824653e-05
Lake,single_candidate,remove90,0.7002579300672276,0.6337890625,0.5504708247600963,1.4112844206392765,1.0939131748913883e-07,4.036452418824653e-05
Lake,single_candidate,rotate45,0.8299544088013073,0.796875,0.5504708247600963,1.4112844206392765,1.0939131748913883e-07,4.036452418824653e-05
Lake,pso_10x40,no_attack,1.0,1.0,0.8141512766182324,5.532871663570404,1.652686886307115e-07,4.091996920154652e-05
Lake,pso_10x40,delete50,0.9187217029404622,0.9013671875,0.8141512766182324,5.532871663570404,1.652686886307115e-07,4.091996920154652e-05
Lake,pso_10x40,remove90,0.9105730346894201,0.888671875,0.8141512766182324,5.532871663570404,1.652686886307115e-07,4.091996920154652e-05
Lake,pso_10x40,rotate45,1.0,1.0,0.8141512766182324,5.532871663570404,1.652686886307115e-07,4.091996920154652e-05
