axis_ratio,removal,seed,eigengap,axis_drift_degrees
1.0,0.01,0,0.001354291518672026,58.072803079891145
1.0,0.1,0,0.016735808438669685,74.30209590704538
1.0,0.5,0,0.056197990495124965,15.420162092014305
1.0,0.9,0,0.050458789123839026,67.91004123856843
1.0,0.01,1,0.0051898705553482345,73.97501178111027
1.0,0.1,1,0.00539754323211502,5.238105576681562
1.0,0.5,1,0.02819095272725154,87.75249545412568
1.0,0.9,1,0.16726196891824419,8.000014970948907
1.0,0.01,2,0.0014515469331300949,29.101679501702616
1.0,0.1,2,0.01622345186155757,2.252480497783229
1.0,0.5,2,0.020040349003760154,30.415923064598296
1.0,0.9,2,0.1381103001837663,74.23785920918189
1.0,0.01,3,0.007769155509424489,89.53048724329929
1.0,0.1,3,0.004712568923031103,46.405412129740604
1.0,0.5,3,0.03735441790239697,69.4992737826312
1.0,0.9,3,0.014917989914002673,84.47066245762869
1.0,0.01,4,0.0077868452887195905,50.867225100606625
1.0,0.1,4,0.010207587582071832,36.373485158098454
1.0,0.5,4,0.01334661506152278,85.6388404234134
1.0,0.9,4,0.10451933204347942,33.24116675358767
1.0,0.01,5,0.003062336495684687,7.5346511893909955
1.0,0.1,5,0.006040974746669604,25.342674925620763
1.0,0.5,5,0.056174259772607066,54.07629733528462
1.0,0.9,5,0.05268892352812903,68.71871607766012
1.0,0.01,6,0.005420665734468204,16.290723313595905
1.0,0.1,6,0.011040499225503254,50.44620319360406
1.0,0.5,6,0.00811611055714245,84.16543995660253
1.0,0.9,6,0.1485311354730719,60.08924414442607
1.0,0.01,7,0.005135975251671801,24.516791871884465
1.0,0.1,7,0.019586381013754525,13.599757641892062
1.0,0.5,7,0.0404016509262145,65.67029427995959
1.0,0.9,7,0.0483308415085571,26.18235710189302
1.0,0.01,8,0.0037736876010133875,36.66379435472009
1.0,0.1,8,0.0014935193715897178,6.284629065831277
1.0,0.5,8,0.04784636914590603,88.81547993764558
1.0,0.9,8,0.11042090404579628,2.8409725926111675
1.0,0.01,9,0.003657407373718592,84.11946033748754
1.0,0.1,9,0.023105798646785115,45.372154648552254
1.0,0.5,9,0.061649782958882286,44.35892212850082
1.0,0.9,9,0.12354566037162563,72.58207179920389
1.0,0.01,10,0.002630865130634361,52.056468943319246
1.0,0.1,10,0.010864015434338145,27.426269051572564
1.0,0.5,10,0.052316027034470525,2.053886424605177
1.0,0.9,10,0.08365389740643178,65.53716189948257
1.0,0.01,11,0.0036762726304099586,80.32162260277627
1.0,0.1,11,0.0035390258299705193,32.23118151234198
1.0,0.5,11,0.03238558347844927,47.89130241504841
1.0,0.9,11,0.19529392134517284,0.18784595541901217
1.0,0.01,12,0.004786214433073345,2.4302273192268116
1.0,0.1,12,0.008224750181023449,20.42445809519411
1.0,0.5,12,0.029258062798964313,82.77294631046405
1.0,0.9,12,0.1069006374516662,44.96287138011763
1.0,0.01,13,0.005760068460311602,62.61200829312892
1.0,0.1,13,0.005524541166926636,79.92242558722275
1.0,0.5,13,0.02640701901314706,0.6940902274894325
1.0,0.9,13,0.027432273375366356,30.658623664260233
1.0,0.01,14,0.0035282387296865737,61.088040754853616
1.0,0.1,14,0.011114088125447627,27.207144025752083
1.0,0.5,14,0.051818383168345035,55.57146025807987
1.0,0.9,14,0.09629856936675343,21.244956932521376
1.0,0.01,15,0.005321508374929007,66.69915218211766
1.0,0.1,15,0.0066285542516516865,36.95970839582541
1.0,0.5,15,0.045721514325476234,88.69806362050159
1.0,0.9,15,0.22300830158753648,20.50508324717149
1.0,0.01,16,0.004585528585101007,49.45937391086699
1.0,0.1,16,0.016890742850877147,61.89018249317481
1.0,0.5,16,0.07208864721334139,23.351417228901482
1.0,0.9,16,0.16934151922510804,24.48888926058771
1.0,0.01,17,0.005422508726007895,40.4625638270752
1.0,0.1,17,0.008668004826278669,55.40878280217893
1.0,0.5,17,0.031426988237596216,81.58019715019626
1.0,0.9,17,0.060407919110348214,21.116499307178064
1.0,0.01,18,0.006679548584739705,20.75738175190363
1.0,0.1,18,0.012356977093435598,56.30594967015525
1.0,0.5,18,0.019475881034237922,1.4756311096962655
1.0,0.9,18,0.24770868990412376,39.37484380590063
1.0,0.01,19,0.0041006532312404765,9.166264577832207
1.0,0.1,19,0.023421936099203296,54.43323302960355
1.0,0.5,19,0.026726373383470784,67.35416744307679
1.0,0.9,19,0.021566901657254518,20.615150903372918
1.0,0.01,20,0.0013871881038937943,89.78108716701378
1.0,0.1,20,0.008811473787997693,62.991938936205145
1.0,0.5,20,0.09114584157517326,38.416725449038076
1.0,0.9,20,0.06646956450120216,12.531682969451806
1.0,0.01,21,0.006077856950675049,53.975940308915234
1.0,0.1,21,0.010065949961542477,31.47255568077166
1.0,0.5,21,0.030746209197121666,8.690382110837085
1.0,0.9,21,0.1627197622228923,75.53850613755259
1.0,0.01,22,0.003611896149476748,26.722343830459454
1.0,0.1,22,0.008545721375594888,80.95853701491484
1.0,0.5,22,0.05682634524040338,31.592501852904633
1.0,0.9,22,0.14105890996891532,35.96814745690095
1.0,0.01,23,0.002559158458462878,5.143757990036005
1.0,0.1,23,0.006587407180924149,16.611335986679656
1.0,0.5,23,0.029853095653962908,37.312547277644384
1.0,0.9,23,0.06414780815341066,4.803197278502184
1.0,0.01,24,0.008360422098417242,50.176864291869705
1.0,0.1,24,0.001912976659308343,39.22946281662783
1.0,0.5,24,0.04015840825635705,20.33657802497561
1.0,0.9,24,0.06524678695715672,14.599670785130249
1.0,0.01,25,0.0009658071101384037,41.70088349212699
1.0,0.1,25,0.010008452382111217,20.477534063291458
1.0,0.5,25,0.025566724221310507,13.107555090713486
1.0,0.9,25,0.11047537241313674,85.94866124320237
1.0,0.01,26,0.003101750546635364,69.83269213897981
1.0,0.1,26,0.01589161045965288,81.08736173182517
1.0,0.5,26,0.06697985437653435,52.51768207447384
1.0,0.9,26,0.2143343528663079,72.97645727370988
1.0,0.01,27,0.0044703913961444165,19.816621092186285
1.0,0.1,27,0.012061450326198164,53.746562082399365
1.0,0.5,27,0.026007668977704113,9.757151833649628
1.0,0.9,27,0.22604430110142687,12.843163306579717
1.0,0.01,28,0.00268756006914559,86.77425506466057
1.0,0.1,28,0.009542418306117132,79.3082857431493
1.0,0.5,28,0.029323350608546305,82.50763560036391
1.0,0.9,28,0.07878299835028088,26.25063231217294
1.0,0.01,29,0.0015918237815099156,87.65739361564462
1.0,0.1,29,0.013263751768155755,31.00195984860021
1.0,0.5,29,0.037201149420039166,14.914886627099593
1.0,0.9,29,0.11730644977431913,30.4257308204311
1.001,0.01,0,0.0028629683377846046,12.553628061320689
1.001,0.1,0,0.018440764123478406,14.09420618355101
1.001,0.5,0,0.054585561037891465,74.05664967686866
1.001,0.9,0,0.05183636266952566,21.33990742486503
1.001,0.01,1,0.00695450538234063,11.653513360821648
1.001,0.1,1,0.0034595993677697056,81.7517540231816
1.001,0.5,1,0.030126085063604986,2.100770017169794
1.001,0.9,1,0.1656609736213345,81.91258865522138
1.001,0.01,2,0.0017437707864036277,22.511416772317595
1.001,0.1,2,0.014261848695985577,87.43436919428444
1.001,0.5,2,0.019162536452251234,56.99602164986687
1.001,0.9,2,0.13958082911694503,15.562598221506406
1.001,0.01,3,0.009750432858674253,0.3737284505054794
1.001,0.1,3,0.005205173913893358,32.34777645505849
1.001,0.5,3,0.03882648331244002,19.55166264252897
1.001,0.9,3,0.016852962627825988,4.882984216028319
1.001,0.01,4,0.00841793504797109,32.43926485672924
1.001,0.1,4,0.009805461717450965,48.04099515778531
1.001,0.5,4,0.01529713633200034,3.79775816097141
1.001,0.9,4,0.1038185030913726,56.27927079438648
1.001,0.01,5,0.001249164288062106,70.18080645361758
1.001,0.1,5,0.0050234675366500735,55.71509349787492
1.001,0.5,5,0.05679099843427908,34.99255455356436
1.001,0.9,5,0.05409821629282965,20.584573623086918
1.001,0.01,6,0.0038947998806097284,65.70307842618263
1.001,0.1,6,0.011578709423680483,34.70196309276397
1.001,0.5,6,0.010064010172245307,4.689133417948822
1.001,0.9,6,0.1493942032595154,29.604134882479496
1.001,0.01,7,0.004116245937022816,54.750273048238405
1.001,0.1,7,0.017864462447266936,74.94743172493311
1.001,0.5,7,0.04169323062132228,23.319755890889304
1.001,0.9,7,0.04719317953939453,62.87918603665899
1.001,0.01,8,0.003728531095123385,37.91628703297115
1.001,0.1,8,0.0006303534941214142,15.526701539450094
1.001,0.5,8,0.0497462638111059,1.138119099685619
1.001,0.9,8,0.10864976262453313,87.1096766545147
1.001,0.01,9,0.005620042312863456,3.8075707044837386
1.001,0.1,9,0.023214399892452876,42.18685253883572
1.001,0.5,9,0.06163728303752325,44.74068944495001
1.001,0.9,9,0.12498681447825848,17.172560083995855
1.001,0.01,10,0.003668006112012593,22.023022223847338
1.001,0.1,10,0.009859493060546948,57.82612430504225
1.001,0.5,10,0.05042477595823766,87.86681059688651
1.001,0.9,10,0.08486837801094087,23.975722141140245
1.001,0.01,11,0.0055926281434556,6.285991004880053
1.001,0.1,11,0.0032281448628142684,40.81550756145529
1.001,0.5,11,0.0326381634605791,40.390479060594096
1.001,0.9,11,0.19368373945495357,89.81040296593002
1.001,0.01,12,0.0028070529555227924,85.84257612825395
1.001,0.1,12,0.006848608644378327,64.09161503500584
1.001,0.5,12,0.03113915064080986,6.775144754948981
1.001,0.9,12,0.10691412269518659,44.530099387562316
1.001,0.01,13,0.0070942201585327816,20.758022678564572
1.001,0.1,13,0.007420691337096434,7.424580538132126
1.001,0.5,13,0.02445947799493366,89.24988266830648
1.001,0.9,13,0.02655438983695814,57.473203347281746
1.001,0.01,14,0.004888373954765105,18.812573503790475
1.001,0.1,14,0.010092886077155841,58.181886857446436
1.001,0.5,14,0.052532338303245975,33.438306047706575
1.001,0.9,14,0.09497375571348772,68.36707672005362
1.001,0.01,15,0.0068410777917069605,17.193116376332082
1.001,0.1,15,0.00637194062281264,44.296951956605916
1.001,0.5,15,0.04762532710552883,1.248609836875048
1.001,0.9,15,0.22183806113027113,69.34430294474247
1.001,0.01,16,0.005274581742579186,29.577352263494298
1.001,0.1,16,0.018057369127343435,25.494001691182486
1.001,0.5,16,0.07082911421665539,66.08092792551209
1.001,0.9,16,0.16825608982086002,65.27591966138253
1.001,0.01,17,0.005474150930615847,38.999218913408995
1.001,0.1,17,0.009553889481293956,28.97936213217289
1.001,0.5,17,0.03328315980604967,7.929629935793226
1.001,0.9,17,0.05903016980080741,68.25061559464345
1.001,0.01,18,0.005356724598780593,62.10194254743183
1.001,0.1,18,0.013242427046073016,29.71561680048754
1.001,0.5,18,0.017516751593577115,88.3575177877509
1.001,0.9,18,0.247420364777073,50.426226003923965
1.001,0.01,19,0.0022965386911530127,72.89840374584797
1.001,0.1,19,0.02412460425025019,33.3453682201194
1.001,0.5,19,0.0281285187982956,21.218683525555228
1.001,0.9,19,0.020136690876405624,67.5280223501525
1.001,0.01,20,0.003381398040675623,0.0897165761734285
1.001,0.1,20,0.01010332720430441,22.425150863531115
1.001,0.5,20,0.0907500330844381,50.996657486082064
1.001,0.9,20,0.06478262880708853,77.1059557760855
1.001,0.01,21,0.00695242821172357,28.11523898667153
1.001,0.1,21,0.009334404961885256,53.05602835064988
1.001,0.5,21,0.02890127680976978,80.72621989459626
1.001,0.9,21,0.16418562614881554,14.306658264487547
1.001,0.01,22,0.0029065830920178316,46.537373847213104
1.001,0.1,22,0.010446115537733197,7.347746894943243
1.001,0.5,22,0.056001516008758884,57.520267756340566
1.001,0.9,22,0.1405366087796031,53.67165621572603
1.001,0.01,23,0.0006941331489724633,69.38664281446918
1.001,0.1,23,0.005044204623548206,67.13450936248708
1.001,0.5,23,0.029399268607859713,50.83557081536678
1.001,0.9,23,0.06230226443680511,85.04818595309577
1.001,0.01,24,0.008932828667696903,33.49345732458684
1.001,0.1,24,0.002472997874877335,24.63062094124134
1.001,0.5,24,0.038722734500758436,68.71804052465052
1.001,0.9,24,0.06362101111793518,74.97514851625373
1.001,0.01,25,0.002115726187904143,13.474748569873034
1.001,0.1,25,0.008611712733450948,65.16565314560584
1.001,0.5,25,0.023833404085023824,75.84343004531148
1.001,0.9,25,0.11223433701082028,3.9834585769874504
1.001,0.01,26,0.004796197879455935,12.361370436864162
1.001,0.1,26,0.017772882947514487,7.934863797897346
1.001,0.5,26,0.06748845153149359,36.690376067739884
1.001,0.9,26,0.21563662770255174,16.890892961936707
1.001,0.01,27,0.0032002957389406675,58.463146177414316
1.001,0.1,27,0.012795019226116545,31.996353875418485
1.001,0.5,27,0.024179658068732415,79.46116524586776
1.001,0.9,27,0.22464994408329717,77.05874958721076
1.001,0.01,28,0.004671961754973899,1.8511456418572305
1.001,0.1,28,0.01140724430024113,8.870513934341664
1.001,0.5,28,0.031200025312637884,7.025165063502832
1.001,0.9,28,0.07767566053891153,63.18712417484466
1.001,0.01,29,0.0035826958716347283,1.0388719368545984
1.001,0.1,29,0.012460717692563711,54.95186795021001
1.001,0.5,29,0.03554324479110597,74.2978019971523
1.001,0.9,29,0.11645747403426632,59.16978851354457
1.01,0.01,0,0.020324524921227893,1.6982214579279689
1.01,0.1,0,0.03479601558473779,7.1869235347110365
1.01,0.5,0,0.04113992192666294,67.55082512606913
1.01,0.9,0,0.06526195286679277,16.15901628750842
1.01,0.01,1,0.02417038906768381,3.2398426459043086
1.01,0.1,1,0.014505658095341227,1.9308187032944164
1.01,0.5,1,0.04730503394481047,1.3252528782540376
1.01,0.9,1,0.1512566645594989,81.03906355100008
1.01,0.01,2,0.018992393114752926,1.8457634237457725
1.01,0.1,2,0.003810111996244349,9.833400548811131
1.01,0.5,2,0.020121333367910978,30.208575038165833
1.01,0.9,2,0.1528850381221013,13.96086705288193
1.01,0.01,3,0.02731929107851698,0.13219428318505955
1.01,0.1,3,0.020465451571919605,6.594533286810537
1.01,0.5,3,0.05320339529744317,13.59132758584082
1.01,0.9,3,0.0341740918637613,2.3779278079538786
1.01,0.01,4,0.022554626226588922,9.801578663998743
1.01,0.1,4,0.019309612742396697,15.083255160727173
1.01,0.5,4,0.032697735789474096,1.7569028297168867
1.01,0.9,4,0.09883562224542881,51.70449270869674
1.01,0.01,5,0.016814878956230968,1.3475583382787193
1.01,0.1,5,0.01659260369225852,8.135439745425538
1.01,0.5,5,0.06457022717713434,27.692519123901693
1.01,0.9,5,0.06769044992624597,15.743571171544323
1.01,0.01,6,0.01547672029417993,5.407867315536206
1.01,0.1,6,0.024252849166421644,13.180560379564652
1.01,0.5,6,0.027543697391418858,1.691547957826057
1.01,0.9,6,0.1577365176760661,27.0285311557348
1.01,0.01,7,0.01683275004917152,6.620114565637017
1.01,0.1,7,0.009288074103947783,37.84193823839849
1.01,0.5,7,0.05483984948598141,16.647513006861725
1.01,0.9,7,0.03976031692600177,52.38698717725233
1.01,0.01,8,0.018978962291984213,5.447717706767683
1.01,0.1,8,0.018275652363040344,0.505208250127002
1.01,0.5,8,0.06659626470819398,0.8424839535007478
1.01,0.9,8,0.0926472247400609,86.57781850868419
1.01,0.01,9,0.02322575307075829,0.9106100347076492
1.01,0.1,9,0.030424516008058313,24.579737456297227
1.01,0.5,9,0.06409941575303248,36.899327529212584
1.01,0.9,9,0.13812147076341236,15.221465518288523
1.01,0.01,10,0.02048846132394171,3.544517295722331
1.01,0.1,10,0.016149224391531304,16.63547708010174
1.01,0.5,10,0.033345981614908086,86.7413609776599
1.01,0.9,10,0.09656543663033275,20.21219838669299
1.01,0.01,11,0.023135544566100053,1.4946911565885834
1.01,0.1,11,0.01847588188361091,4.938519032528487
1.01,0.5,11,0.03935349237410293,27.333248875035977
1.01,0.9,11,0.17911971589487388,89.79314352681997
1.01,0.01,12,0.015011854382085252,0.7700045677629138
1.01,0.1,12,0.01457592721531184,10.792655910139406
1.01,0.5,12,0.04802519208778274,4.330494377456738
1.01,0.9,12,0.1084305937242635,40.039184624870636
1.01,0.01,13,0.0234281650371606,5.740762969330169
1.01,0.1,13,0.0248595353743043,2.174295783439631
1.01,0.5,13,0.006860388751589097,87.29787973253838
1.01,0.9,13,0.024950055971497926,37.486108698585525
1.01,0.01,14,0.021747374104035665,3.9099351811709178
1.01,0.1,14,0.01605892278166859,17.077157517893777
1.01,0.5,14,0.06122185073657212,25.883579629256772
1.01,0.9,14,0.08389080402124659,64.33909998073958
1.01,0.01,15,0.023600473156591893,4.670865641680045
1.01,0.1,15,0.018973590790490907,9.743568418744076
1.01,0.5,15,0.06451108329106456,0.9134438927036858
1.01,0.9,15,0.21153687341736,67.9119672870988
1.01,0.01,16,0.02088617152228226,6.211013770645461
1.01,0.1,16,0.032081163573676116,12.867832559180776
1.01,0.5,16,0.06092849083729543,59.9853725121671
1.01,0.9,16,0.1589707538705927,63.01667215564642
1.01,0.01,17,0.019591096105581896,7.87278514131125
1.01,0.1,17,0.024097003516832336,9.743803618080316
1.01,0.5,17,0.05000988266503189,5.193415000069349
1.01,0.9,17,0.048218617631999285,61.029322488202155
1.01,0.01,18,0.015411183999644449,8.309687653461022
1.01,0.1,18,0.026852761269009068,12.470122556411715
1.01,0.5,18,0.0010446339129457222,37.83427597850341
1.01,0.9,18,0.2452972659879359,48.62339068660315
1.01,0.01,19,0.01592409137474078,2.3090428052233842
1.01,0.1,19,0.03491197273024171,19.565526748155058
1.01,0.5,19,0.042525519754196765,13.148291292469166
1.01,0.9,19,0.014682284434783152,38.14861462944758
1.01,0.01,20,0.021063768523258575,0.014273974908010951
1.01,0.1,20,0.02576484660540593,7.961945912269378
1.01,0.5,20,0.08887809715735447,45.57075472262495
1.01,0.9,20,0.05014937409049432,72.75138274678294
1.01,0.01,21,0.022286560388215533,7.4553418804931955
1.01,0.1,21,0.017598325530397183,15.24707087940179
1.01,0.5,21,0.013512344751277218,68.35349749640555
1.01,0.9,21,0.17737340869839138,13.044881295618866
1.01,0.01,22,0.017821292878031126,4.651011026814318
1.01,0.1,22,0.027791880031970504,2.7116119977360595
1.01,0.5,22,0.051256257340764236,48.540963382096095
1.01,0.9,22,0.1367995497889791,50.330163862902275
1.01,0.01,23,0.017235186064121496,0.7541488926526669
1.01,0.1,23,0.014711653397321656,7.0709523647466375
1.01,0.5,23,0.031048198379890073,33.94980851687099
1.01,0.9,23,0.04571619748562333,83.16130517648814
1.01,0.01,24,0.022686043228502567,10.546973337756294
1.01,0.1,24,0.019416551733047398,2.745253220900037
1.01,0.5,24,0.02854539227495609,56.35880997987449
1.01,0.9,24,0.049752905430798945,69.91511669737412
1.01,0.01,25,0.01961791086263367,1.388422408761995
1.01,0.1,25,0.013862246387780478,14.092529047403154
1.01,0.5,25,0.011846309043775725,53.124187960381754
1.01,0.9,25,0.12785437906971725,3.463168963660673
1.01,0.01,26,0.022111210486810293,2.5796793769753825
1.01,0.1,26,0.03486886589893069,3.9707352478295
1.01,0.5,26,0.07404665378813144,30.245674315432435
1.01,0.9,26,0.2273700869404238,15.779564858292684
1.01,0.01,27,0.01655790745202079,4.927840863026112
1.01,0.1,27,0.02589752990904925,13.08631117628553
1.01,0.5,27,0.01004218616326605,59.64364431911614
1.01,0.9,27,0.21216253179122407,76.11487375423556
1.01,0.01,28,0.022323873341808614,0.3837032017186938
1.01,0.1,28,0.028622450368729114,3.457008726973563
1.01,0.5,28,0.04806196524683175,4.493847204853724
1.01,0.9,28,0.06919551841197703,57.38608572341506
1.01,0.01,29,0.02125958465426945,0.17347535197637193
1.01,0.1,29,0.017862495088028733,20.42665919845406
1.01,0.5,29,0.02263730970553507,62.27633171749477
1.01,0.9,29,0.10987269317667453,55.27487309870925
1.1,0.01,0,0.1740503133545838,0.18198019832893472
1.1,0.1,0,0.18552842869911607,1.2256258344418063
1.1,0.5,0,0.13415898291914918,5.93474075144677
1.1,0.9,0,0.20594399276667488,4.491680638006383
1.1,0.01,1,0.17720671137832808,0.4049245228147676
1.1,0.1,1,0.1691458709130202,0.15192388006891688
1.1,0.5,1,0.1967906147797347,0.29240972764838097
1.1,0.9,1,0.05125568240388226,36.87967693368047
1.1,0.01,2,0.1729242578850116,0.18601107431584601
1.1,0.1,2,0.1599712386687143,0.21087135809587645
1.1,0.5,2,0.16608092054551307,2.7888973419386565
1.1,0.9,2,0.27871355964870037,6.855303180791628
1.1,0.01,3,0.1799736836070676,0.01842469580813634
1.1,0.1,3,0.17379345919188322,0.7069818162289863
1.1,0.5,3,0.19810147908083572,3.2415752553750345
1.1,0.9,3,0.18567191654962992,0.40143487559999075
1.1,0.01,4,0.17499267055020173,1.1384197131785132
1.1,0.1,4,0.17124758890294273,1.492909649741737
1.1,0.5,4,0.18446558621225403,0.28577553346642437
1.1,0.9,4,0.16323634030694095,17.289254236141602
1.1,0.01,5,0.17110392435019212,0.12154997641209607
1.1,0.1,5,0.17042380595331483,0.7178258951562424
1.1,0.5,5,0.19407528106793637,7.361736263629488
1.1,0.9,5,0.20815208410516645,4.502937206281995
1.1,0.01,6,0.1697790673606354,0.45002865291542254
1.1,0.1,6,0.17554051154104353,1.6163453039150306
1.1,0.5,6,0.18012879398144446,0.2373634052346843
1.1,0.9,6,0.26292399804099126,13.512071411242333
1.1,0.01,7,0.17079257079048982,0.5939206713365807
1.1,0.1,7,0.15908421527400193,1.493792421857087
1.1,0.5,7,0.1975269188788549,4.036416991536638
1.1,0.9,7,0.15220251056857806,6.865001154789515
1.1,0.01,8,0.1726854872508166,0.5465540553947245
1.1,0.1,8,0.17234743922990453,0.04918644565419061
1.1,0.5,8,0.21306996241607917,0.2417492451255641
1.1,0.9,8,0.07234008626019015,4.438829777893565
1.1,0.01,9,0.17651421235641776,0.1099971524812511
1.1,0.1,9,0.1749851667215213,3.484610966523064
1.1,0.5,9,0.18097127657525375,9.276610317627776
1.1,0.9,9,0.2652564124459471,7.049499595994883
1.1,0.01,10,0.17409854247415027,0.3820629269528305
1.1,0.1,10,0.16852066656429443,1.3850852568337952
1.1,0.5,10,0.1280981513227102,0.8039985180794881
1.1,0.9,10,0.22635356454871683,7.416246958509956
1.1,0.01,11,0.17642368781480722,0.1798932479901672
1.1,0.1,11,0.17231208040186205,0.4838787107760592
1.1,0.5,11,0.1785564613076023,4.785335417370746
1.1,0.9,11,0.026338257662584106,88.4671732422572
1.1,0.01,12,0.16959384374452321,0.06257421234171291
1.1,0.1,12,0.16844054689151172,0.8379008983680146
1.1,0.5,12,0.19708034982837278,0.9656363575478581
1.1,0.9,12,0.19875400145333003,15.313426155456028
1.1,0.01,13,0.17635016843457277,0.6957983721714806
1.1,0.1,13,0.17784826198663972,0.27880093789467875
1.1,0.5,13,0.15114555799535392,0.11322086167561742
1.1,0.9,13,0.1638495672171394,3.9136922501725686
1.1,0.01,14,0.17512701763830024,0.4444874929543168
1.1,0.1,14,0.1683482752717829,1.411084307711555
1.1,0.5,14,0.19395791135007834,6.640994218220209
1.1,0.9,14,0.12600024460643436,15.254766273865963
1.1,0.01,15,0.17660985989276348,0.570683137027831
1.1,0.1,15,0.172119673856389,0.9679602997073082
1.1,0.5,15,0.21130951740812945,0.25601376658708713
1.1,0.9,15,0.15280560890079686,44.887143744990276
1.1,0.01,16,0.1741870107380177,0.6786764892961727
1.1,0.1,16,0.1817553213636501,2.020447411432786
1.1,0.5,16,0.13895205872675104,10.664702970432314
1.1,0.9,16,0.14459658977887827,31.859253698020364
1.1,0.01,17,0.1729076658389341,0.8091401227649286
1.1,0.1,17,0.17624794586365336,1.2008358064561053
1.1,0.5,17,0.19858508563433178,1.1950221920805177
1.1,0.9,17,0.13967968613216464,8.075031798585094
1.1,0.01,18,0.16944019942614336,0.6845361916446605
1.1,0.1,18,0.17777311547577873,1.6782092073452624
1.1,0.5,18,0.1571627652782071,0.1694643854383136
1.1,0.9,18,0.26692708781832997,31.978710476604334
1.1,0.01,19,0.17032756292379905,0.19800395635864482
1.1,0.1,19,0.1809026910609132,3.2211982078638375
1.1,0.5,19,0.18987185929371458,2.6183084899625775
1.1,0.9,19,0.16038897507336913,2.354568816918457
1.1,0.01,20,0.17470012225204562,0.0015802157816529835
1.1,0.1,20,0.1779481974406542,1.0455911217514964
1.1,0.5,20,0.1754063318746083,14.406166555946388
1.1,0.9,20,0.1233009743524295,6.392890347174192
1.1,0.01,21,0.17517743691721482,0.8615076812028949
1.1,0.1,21,0.16992353383793696,1.384482605022103
1.1,0.5,21,0.14878336085092775,1.6582063725721696
1.1,0.9,21,0.29994486146767235,6.940576533664466
1.1,0.01,22,0.17178931417080953,0.44113674044798273
1.1,0.1,22,0.18028356273278734,0.3832708710673555
1.1,0.5,22,0.15831764315636596,8.807383420022736
1.1,0.9,22,0.18439608948519168,22.56418875234193
1.1,0.01,23,0.17146787923838056,0.0695937820108621
1.1,0.1,23,0.16900123923797764,0.5595990987428191
1.1,0.5,23,0.16882553212950735,4.54007502555958
1.1,0.9,23,0.11815718587899594,2.522718840137102
1.1,0.01,24,0.17494663764922236,1.2288041314339266
1.1,0.1,24,0.17324472089544135,0.28208685440410664
1.1,0.5,24,0.1493562444473995,4.747731217337762
1.1,0.9,24,0.12696897857715442,7.010512068478458
1.1,0.01,25,0.173463957347939,0.14412195264561395
1.1,0.1,25,0.16735070278598596,1.0301293261914881
1.1,0.5,25,0.15445745090299126,1.9527923649798387
1.1,0.9,25,0.26432358034058845,1.5355075874121502
1.1,0.01,26,0.17551714756743908,0.2980063592470169
1.1,0.1,26,0.1861092647214411,0.681051740311982
1.1,0.5,26,0.19677304332461856,8.879594230598508
1.1,0.9,26,0.3385064865125612,9.491307253810568
1.1,0.01,27,0.17071523868344582,0.4367574053744481
1.1,0.1,27,0.17684721832308578,1.7020042623684006
1.1,0.5,27,0.15296770048566152,1.5179976460655893
1.1,0.9,27,0.11157857410768164,54.906840118130106
1.1,0.01,28,0.17576099175868629,0.04474646659455197
1.1,0.1,28,0.18092471000240734,0.5010082636972641
1.1,0.5,28,0.19708426806864107,1.0025467055064423
1.1,0.9,28,0.14362212133257135,12.404712304384208
1.1,0.01,29,0.17486491986472874,0.019364933200361065
1.1,0.1,29,0.16867154207038418,1.8270404244005
1.1,0.5,29,0.14688349814044238,3.405360332422624
1.1,0.9,29,0.1560151063934308,19.97474705845781
2.0,0.01,0,0.7501494039918477,0.023222645895181887
2.0,0.1,0,0.7535836329348956,0.16592188069314562
2.0,0.5,0,0.737371305175344,0.5904827645842453
2.0,0.9,0,0.7592398448706272,0.6681966557690533
2.0,0.01,1,0.7511009387911742,0.05254216715076254
2.0,0.1,1,0.7486660690168654,0.01887819464918241
2.0,0.5,1,0.7570268660988733,0.04180635073534886
2.0,0.9,1,0.7022691426040187,1.12484956578098
2.0,0.01,2,0.7498087396467407,0.02359416686244583
2.0,0.1,2,0.745890269904861,0.024873921725134883
2.0,0.5,2,0.7475543119392299,0.3403733610081456
2.0,0.9,2,0.7802550833386712,1.3392423450014455
2.0,0.01,3,0.7519420307265317,0.002425423820813869
2.0,0.1,3,0.7500602219139905,0.09008978394520277
2.0,0.5,3,0.7571424071885156,0.46577308115892607
2.0,0.9,3,0.7536615989914778,0.05439228877993598
2.0,0.01,4,0.7504032336183196,0.14598415331385817
2.0,0.1,4,0.7492481329363626,0.1876067776457749
2.0,0.5,4,0.7532987433363943,0.03848846758885539
2.0,0.9,4,0.7398892688053191,2.001550192655893
2.0,0.01,5,0.7492585776215401,0.01526668848805459
2.0,0.1,5,0.7490406997593418,0.08981993522579602
2.0,0.5,5,0.7547670505620925,1.0329599373209524
2.0,0.9,5,0.7599010383068269,0.6764636366943717
2.0,0.01,6,0.748853267699787,0.056114735749807465
2.0,0.1,6,0.7505362534805041,0.20784149514913536
2.0,0.5,6,0.751987537854025,0.03127125519986518
2.0,0.9,6,0.7711533982835803,2.4759663100613922
2.0,0.01,7,0.7491561810208687,0.07446711654731689
2.0,0.1,7,0.7455715141928257,0.17524294328669757
2.0,0.5,7,0.7568135060357015,0.5780687691352355
2.0,0.9,7,0.7424909842284901,0.7682613094515345
2.0,0.01,8,0.7497300428376243,0.06923523364407498
2.0,0.1,8,0.749635041190696,0.006219606766406121
2.0,0.5,8,0.7619520104722605,0.03718081468899998
2.0,0.9,8,0.719146896199718,0.2447041135653715
2.0,0.01,9,0.7508952481637061,0.014221443080216197
2.0,0.1,9,0.7501327809572377,0.4462592901053507
2.0,0.5,9,0.7500657770660811,1.2152810832635528
2.0,0.9,9,0.7761370629849238,1.3169525283232946
2.0,0.01,10,0.7501612125153873,0.04876728520644545
2.0,0.1,10,0.748431335685037,0.17148006315735617
2.0,0.5,10,0.7362370858307941,0.07693022398607345
2.0,0.9,10,0.7643545628252969,1.1989469981741852
2.0,0.01,11,0.7508673605916402,0.02324711784582621
2.0,0.1,11,0.7496186781446693,0.0611729151521871
2.0,0.5,11,0.750938943791423,0.6236776369487139
2.0,0.9,11,0.6893293246614022,0.03306680956454594
2.0,0.01,12,0.7488020430700698,0.007794726577218154
2.0,0.1,12,0.7484363761715296,0.10370524137468153
2.0,0.5,12,0.7570917543237123,0.13823338614726538
2.0,0.9,12,0.7512890403099115,2.153138857370645
2.0,0.01,13,0.7508338870551728,0.08987659619429848
2.0,0.1,13,0.7512971546468443,0.03629859037563406
2.0,0.5,13,0.7432212468360588,0.012663843726306223
2.0,0.9,13,0.7467035057200527,0.4712203197243687
2.0,0.01,14,0.75047103433172,0.057046442744189824
2.0,0.1,14,0.7483774737276168,0.17453076824105127
2.0,0.5,14,0.7550002948674471,0.9323466117847059
2.0,0.9,14,0.7311733726608206,1.3905487264090923
2.0,0.01,15,0.7509163754839617,0.0738176005951914
2.0,0.1,15,0.7495433057122074,0.12223414833108695
2.0,0.5,15,0.7614192849270852,0.03907664119025576
2.0,0.9,15,0.701530808356383,3.7141321900720436
2.0,0.01,16,0.7501802179478153,0.08666536278996968
2.0,0.1,16,0.7523772771166155,0.2682865635443102
2.0,0.5,16,0.7371752746053606,1.0853968707630302
2.0,0.9,16,0.7201351592288032,2.9553502812468135
2.0,0.01,17,0.7497885173051173,0.1026169270405633
2.0,0.1,17,0.750779160748839,0.15501164978428375
2.0,0.5,17,0.7575334240299095,0.1722640638213599
2.0,0.9,17,0.7383939539626959,0.831338514886041
2.0,0.01,18,0.7487443391465693,0.08519441047737328
2.0,0.1,18,0.7512059317151525,0.2183399123136451
2.0,0.5,18,0.7450410801644143,0.01966113716349526
2.0,0.9,18,0.7444114753805736,5.483107306933543
2.0,0.01,19,0.7490231369658922,0.02476416425511243
2.0,0.1,19,0.7519603480569533,0.42555999953717444
2.0,0.5,19,0.7547566864199585,0.3619119559889058
2.0,0.9,19,0.7458890360763989,0.27822879355977337
2.0,0.01,20,0.7503467869195658,0.00020235336001243954
2.0,0.1,20,0.7513019684675011,0.13618608796980286
2.0,0.5,20,0.745431886973048,1.806320377502203
2.0,0.9,20,0.7340268080767416,0.5866315082041466
2.0,0.01,21,0.750472806649165,0.11059020273708156
2.0,0.1,21,0.7488554639445614,0.1727346298910442
2.0,0.5,21,0.7424466832157857,0.18268445900341243
2.0,0.9,21,0.7865804956488964,1.44768044899399
2.0,0.01,22,0.74946151872841,0.05561218411461513
2.0,0.1,22,0.7520320671048802,0.05053343199153986
2.0,0.5,22,0.7436111450466351,1.018906478861432
2.0,0.9,22,0.7402756569358669,2.8585406519042906
2.0,0.01,23,0.7493689154398412,0.008758301913013192
2.0,0.1,23,0.74861532336174,0.0694784630137409
2.0,0.5,23,0.7480731815000367,0.5617674458262067
2.0,0.9,23,0.7331263259314724,0.22338315472005535
2.0,0.01,24,0.7503840247045059,0.15753202686901388
2.0,0.1,24,0.7499045744086831,0.035842173351751105
2.0,0.5,24,0.7421848446458691,0.523615062239936
2.0,0.9,24,0.7349580820889318,0.6607276439701407
2.0,0.01,25,0.7499723366632751,0.018333925974821107
2.0,0.1,25,0.7480981809331695,0.12672231748065638
2.0,0.5,25,0.7441373639511774,0.22280017208128994
2.0,0.9,25,0.7773820720455906,0.2870709894584664
2.0,0.01,26,0.750591736235109,0.03832641590199659
2.0,0.1,26,0.7537860715947263,0.09247686399448778
2.0,0.5,26,0.7549079888098392,1.2585586366255703
2.0,0.9,26,0.7966403425579651,2.1976168768068125
2.0,0.01,27,0.7491367258085007,0.054739599958496955
2.0,0.1,27,0.7509241056782466,0.22036226116962587
2.0,0.5,27,0.7437211311425339,0.17165896016371718
2.0,0.9,27,0.6869969714797981,2.6018234832675238
2.0,0.01,28,0.7506676503363648,0.005762303096710191
2.0,0.1,28,0.7522233683285711,0.0662738900450375
2.0,0.5,28,0.7570909874984108,0.1435187009278383
2.0,0.9,28,0.7376754754806862,1.2957474680554997
2.0,0.01,29,0.7503966289902873,0.0024819354088282375
2.0,0.1,29,0.7484427629444674,0.2263463717143075
2.0,0.5,29,0.7416805616074922,0.370239203178644
2.0,0.9,29,0.7357043801586247,2.1850713361118532
5.0,0.01,0,0.9600238960177766,0.007258341833023187
5.0,0.1,0,0.9605729454926202,0.05206728964502681
5.0,0.5,0,0.9579736371598945,0.18180334918949193
5.0,0.9,0,0.961471424018551,0.21106228228782606
5.0,0.01,1,0.9601761061946127,0.016440514500114016
5.0,0.1,1,0.9597865653217299,0.005890252885107151
5.0,0.5,1,0.9611242711879238,0.013171462897583726
5.0,0.9,1,0.9523403117009592,0.33179332792294475
5.0,0.01,2,0.959969389435922,0.007371531949704156
5.0,0.1,2,0.9593424331756747,0.007735805563661014
5.0,0.5,2,0.9596068242953021,0.10606345771925883
5.0,0.9,2,0.9648147055094388,0.43324284512373423
5.0,0.01,3,0.9603107248226862,0.000759661863987575
5.0,0.1,3,0.9600095057310283,0.028155043096906033
5.0,0.5,3,0.9611393865990511,0.14676663296663023
5.0,0.9,3,0.9605858090186533,0.017070159127931764
5.0,0.01,4,0.9600641769467742,0.0456415404290637
5.0,0.1,4,0.9598791371943145,0.05857575346764423
5.0,0.5,4,0.9605277754659333,0.012073910081474123
5.0,0.9,4,0.9583163569601333,0.6181705731513734
5.0,0.01,5,0.9598813686842456,0.00476671285083709
5.0,0.1,5,0.9598463825904404,0.028037318164338083
5.0,0.5,5,0.9607458927053077,0.3246057434131708
5.0,0.9,5,0.9615770560466864,0.2138362121901504
5.0,0.01,6,0.9598164723107069,0.017512391821862837
5.0,0.1,6,0.9600851107596216,0.06499119238939369
5.0,0.5,6,0.9603179905061643,0.009794919945305758
5.0,0.9,6,0.9632924717371344,0.7929527769926439
5.0,0.01,7,0.9598649000679588,0.023248065740415557
5.0,0.1,7,0.9592909450237237,0.05448032596895723
5.0,0.5,7,0.961084920890532,0.18208295887780182
5.0,0.9,7,0.9587889189528448,0.23798022071677175
5.0,0.01,8,0.9599567301354154,0.021629199385136095
5.0,0.1,8,0.9599416059712294,0.001942799405142555
5.0,0.5,8,0.9619123003314257,0.0117806985895163
5.0,0.9,8,0.9550624664934708,0.07370336262017638
5.0,0.01,9,0.9601432364799528,0.0044488420261046355
5.0,0.1,9,0.9600180611735225,0.1394785572571644
5.0,0.5,9,0.9599869021967331,0.37982317847841573
5.0,0.9,9,0.9641563296109164,0.42407152500408135
5.0,0.01,10,0.9600257559858912,0.015242644089252886
5.0,0.1,10,0.9597485413587207,0.053489474964749345
5.0,0.5,10,0.9577978354821397,0.02365379672613154
5.0,0.9,10,0.962274692630992,0.3809506086053023
5.0,0.01,11,0.9601387690731764,0.007272074710801907
5.0,0.1,11,0.9599389285928622,0.019108033345897665
5.0,0.5,11,0.9601440264526585,0.1951152724015667
5.0,0.9,11,0.9502926717696741,0.00959448481145066
5.0,0.01,12,0.9598083259162565,0.0024324468183387076
5.0,0.1,12,0.9597496474322698,0.03234876461495404
5.0,0.5,12,0.961134381314987,0.04355494763199925
5.0,0.9,12,0.9601323059300034,0.6739725608036781
5.0,0.01,13,0.9601332930507015,0.028113764528112296
5.0,0.1,13,0.9602075237496968,0.011360472662148135
5.0,0.5,13,0.9589153968803327,0.003926118007299895
5.0,0.9,13,0.9594689766787456,0.14669076446185003
5.0,0.01,14,0.9600753135184935,0.017836811198497036
5.0,0.1,14,0.9597399064153362,0.05443764879974298
5.0,0.5,14,0.9607863416092102,0.293065370278278
5.0,0.9,14,0.9569552076019648,0.42499567934209603
5.0,0.01,15,0.960146533160673,0.02309266275084541
5.0,0.1,15,0.9599266896586129,0.03817783638111045
5.0,0.5,15,0.9618270619737226,0.012373829018200293
5.0,0.9,15,0.9519959065641316,1.0948302873361353
5.0,0.01,16,0.9600287148156288,0.027088626767891436
5.0,0.1,16,0.9603792210096506,0.08407219207392093
5.0,0.5,16,0.9579285293326465,0.3341126300490086
5.0,0.9,16,0.9550704758584648,0.8914126581217803
5.0,0.01,17,0.9599659942637184,0.032059888564455234
5.0,0.1,17,0.9601242822918601,0.048485207871622235
5.0,0.5,17,0.9612048835288688,0.054305116837862065
5.0,0.9,17,0.9581316220924837,0.25627419339645174
5.0,0.01,18,0.959798977776863,0.02658425008307959
5.0,0.1,18,0.9601921892818112,0.06832730863112584
5.0,0.5,18,0.9592065665581534,0.006108529864733217
5.0,0.9,18,0.9586144731019882,1.7039258131262995
5.0,0.01,19,0.9598436920798725,0.0077299803630673765
5.0,0.1,19,0.9603107754744878,0.1332923677076189
5.0,0.5,19,0.9607590035411089,0.11372513241147542
5.0,0.9,19,0.9593409934413003,0.08652942268184965
5.0,0.01,20,0.9600554859064763,6.325996064095875e-05
5.0,0.1,20,0.9602080194445368,0.04262280930465134
5.0,0.5,20,0.9592162165119184,0.5615235777403346
5.0,0.9,20,0.957438543086824,0.17989877787008043
5.0,0.01,21,0.960075453735286,0.034578514239104144
5.0,0.1,21,0.9598163955141232,0.05390753276310157
5.0,0.5,21,0.9587909243121151,0.05658524003620588
5.0,0.9,21,0.9658230395988475,0.4716314406155433
5.0,0.01,22,0.9599137934611421,0.01736789048110612
5.0,0.1,22,0.9603250901340349,0.0158291242819046
5.0,0.5,22,0.9589608795232195,0.31604288494601146
5.0,0.9,22,0.9583096632954821,0.8833671845221929
5.0,0.01,23,0.9598990252414398,0.0027349540372473636
5.0,0.1,23,0.9597783742361558,0.021676940222417684
5.0,0.5,23,0.9596866343196188,0.17515938352583382
5.0,0.9,23,0.957299377073823,0.06842923874433872
5.0,0.01,24,0.9600610475096085,0.04925085372092733
5.0,0.1,24,0.9599847113549924,0.011199432667410851
5.0,0.5,24,0.9587450944223131,0.16213723869934016
5.0,0.9,24,0.9575860209772662,0.20284747279407006
5.0,0.01,25,0.9599955684901266,0.00572916699388127
5.0,0.1,25,0.9596954507542053,0.039512851573372657
5.0,0.5,25,0.9590611713079428,0.06914848032662062
5.0,0.9,25,0.9643799206049974,0.09256280960874541
5.0,0.01,26,0.9600946543455517,0.01198527319073781
5.0,0.1,26,0.960605636164908,0.02902659736348062
5.0,0.5,26,0.9607602936899821,0.3955713394619651
5.0,0.9,26,0.9673961651462979,0.7239891541472544
5.0,0.01,27,0.9598618280922427,0.017088895736514495
5.0,0.1,27,0.9601470823532167,0.06893755045328577
5.0,0.5,27,0.9589949014415488,0.05325010670326315
5.0,0.9,27,0.9497938827806165,0.7527661907544585
5.0,0.01,28,0.9601068235238097,0.0018021222277137554
5.0,0.1,28,0.9603556691343508,0.020764295645344294
5.0,0.5,28,0.9611342352912715,0.045220221168361406
5.0,0.9,28,0.9580002982352163,0.3991073143460165
5.0,0.01,29,0.9600634605400434,0.0007759632996431745
5.0,0.1,29,0.9597500191227848,0.07060482052982034
5.0,0.5,29,0.9586666466659797,0.11457570180476855
5.0,0.9,29,0.9576332511386537,0.671515321572868
