dataset,series,attack,seed,nc,bit_accuracy,ber,votes_total,empty_bins,votes_min,votes_median,votes_mean,votes_max,attack_seeds
Railways,main,no_attack,0,1.0,1.0,0.0,52474,0,28,51.0,51.244140625,141,[]
Railways,main,vertex_delete_30pct,1,0.9992072927806908,0.9990234375,0.0009765625,40169,0,20,39.0,39.2275390625,99,[1]
Railways,main,vertex_delete_50pct,1,0.9928631194931944,0.9912109375,0.0087890625,31904,0,14,31.0,31.15625,72,[1]
Railways,main,object_delete_30pct,2025,1.0,1.0,0.0,37901,0,18,37.0,37.0126953125,108,[2025]
Railways,main,object_delete_90pct,2025,0.9454619308661564,0.9326171875,0.0673828125,6073,0,1,6.0,5.9306640625,20,[2025]
Railways,main,vertex_add_10pct,233337,0.9992072927806908,0.9990234375,0.0009765625,57168,0,33,56.0,55.828125,137,[233337]
Railways,main,vertex_add_30pct,233337,0.997617471163186,0.9970703125,0.0029296875,66593,0,37,65.0,65.0322265625,146,[233337]
Railways,main,vertex_add_50pct,233337,0.9825131653617624,0.978515625,0.021484375,76027,0,50,74.0,74.2451171875,128,[233337]
Railways,main,noise_10pct_0p6tau,2024,1.0,1.0,0.0,52474,0,29,51.0,51.244140625,117,[2024]
Railways,main,noise_50pct_1p4tau,2024,0.8860912478088324,0.861328125,0.138671875,52474,0,27,51.0,51.244140625,76,[2024]
Railways,main,crop_half_x,0,1.0,1.0,0.0,49903,0,29,49.0,48.7333984375,138,[]
Railways,main,translation_10,0,1.0,1.0,0.0,52474,0,28,51.0,51.244140625,141,[]
Railways,main,scale_0p5,0,1.0,1.0,0.0,52472,0,28,51.0,51.2421875,141,[]
Railways,main,rotation_45,0,1.0,1.0,0.0,52474,0,28,51.0,51.244140625,141,[]
Railways,main,rotation_90,0,1.0,1.0,0.0,52474,0,28,51.0,51.244140625,141,[]
Railways,main,rotation_135,0,1.0,1.0,0.0,52474,0,28,51.0,51.244140625,141,[]
Railways,main,rotation_180,0,1.0,1.0,0.0,52473,0,28,51.0,51.2431640625,141,[]
Railways,main,rotation_225,0,1.0,1.0,0.0,52474,0,28,51.0,51.244140625,141,[]
Railways,main,rotation_270,0,1.0,1.0,0.0,52474,0,28,51.0,51.244140625,141,[]
Railways,main,rotation_315,0,1.0,1.0,0.0,52474,0,28,51.0,51.244140625,141,[]
Railways,main,reverse_vertices,0,1.0,1.0,0.0,52474,0,28,51.0,51.244140625,141,[]
Railways,main,reverse_objects,0,1.0,1.0,0.0,52474,0,28,51.0,51.244140625,141,[]
Railways,main,compound,1,0.9360837420717976,0.9208984375,0.0791015625,31553,0,10,31.0,30.8134765625,55,"[1, 2025, 233337, 2024]"
Railways,main,addition_alpha0_pct10,233337,1.0,1.0,0.0,57168,0,31,56.0,55.828125,155,[233337]
Railways,main,addition_alpha0_pct30,233337,1.0,1.0,0.0,66593,0,34,65.0,65.0322265625,172,[233337]
Railways,main,addition_alpha0_pct50,233337,1.0,1.0,0.0,76027,0,39,74.0,74.2451171875,202,[233337]
Railways,main,addition_alpha0.5_pct10,233337,1.0,1.0,0.0,57168,0,33,56.0,55.828125,134,[233337]
Railways,main,addition_alpha0.5_pct30,233337,0.9992072927806908,0.9990234375,0.0009765625,66593,0,40,65.0,65.0322265625,129,[233337]
Railways,main,addition_alpha0.5_pct50,233337,0.982599856805384,0.978515625,0.021484375,76027,0,48,74.0,74.2451171875,136,[233337]
Railways,main,addition_alpha1_pct10,233337,0.9992072927806908,0.9990234375,0.0009765625,57168,0,33,56.0,55.828125,137,[233337]
Railways,main,addition_alpha1_pct30,233337,0.997617471163186,0.9970703125,0.0029296875,66593,0,37,65.0,65.0322265625,146,[233337]
Railways,main,addition_alpha1_pct50,233337,0.9825131653617624,0.978515625,0.021484375,76027,0,50,74.0,74.2451171875,128,[233337]
Railways,main,noise_strength0.6_pct10,2024,1.0,1.0,0.0,52474,0,29,51.0,51.244140625,117,[2024]
Railways,main,noise_strength0.6_pct30,2024,0.9904761904761904,0.98828125,0.01171875,52474,0,25,51.0,51.244140625,76,[2024]
Railways,main,noise_strength0.6_pct50,2024,0.9049139731346632,0.8828125,0.1171875,52474,0,31,51.0,51.244140625,74,[2024]
Railways,main,noise_strength1_pct10,2024,0.9992072927806908,0.9990234375,0.0009765625,52474,0,27,51.0,51.244140625,121,[2024]
Railways,main,noise_strength1_pct30,2024,0.9840814236070372,0.98046875,0.01953125,52474,0,24,51.0,51.244140625,80,[2024]
Railways,main,noise_strength1_pct50,2024,0.8843175198018813,0.859375,0.140625,52474,0,29,51.0,51.244140625,76,[2024]
Railways,main,noise_strength1.4_pct10,2024,1.0,1.0,0.0,52474,0,28,51.0,51.244140625,119,[2024]
Railways,main,noise_strength1.4_pct30,2024,0.9888888888888888,0.986328125,0.013671875,52474,0,27,51.0,51.244140625,77,[2024]
Railways,main,noise_strength1.4_pct50,2024,0.8860912478088324,0.861328125,0.138671875,52474,0,27,51.0,51.244140625,76,[2024]
Railways,main,vertex_delete_10pct,1,1.0,1.0,0.0,48364,0,27,47.0,47.23046875,126,[1]
Railways,main,vertex_delete_20pct,1,1.0,1.0,0.0,44298,0,24,43.0,43.259765625,114,[1]
Railways,main,vertex_delete_40pct,1,0.9968253968253968,0.99609375,0.00390625,36035,0,15,35.0,35.1904296875,84,[1]
Railways,main,object_delete_10pct,2025,1.0,1.0,0.0,47986,0,23,47.0,46.861328125,130,[2025]
Railways,main,object_delete_50pct,2025,0.9992060340153568,0.9990234375,0.0009765625,26210,0,9,25.0,25.595703125,74,[2025]
Railways,main,object_delete_70pct,2025,0.9968216095175164,0.99609375,0.00390625,15923,0,5,15.0,15.5498046875,48,[2025]
Railways,main,scale_0.1,0,1.0,1.0,0.0,52472,0,28,51.0,51.2421875,140,[]
Railways,main,scale_0.9,0,1.0,1.0,0.0,52474,0,28,51.0,51.244140625,141,[]
Railways,main,scale_1.3,0,1.0,1.0,0.0,52474,0,28,51.0,51.244140625,141,[]
Railways,main,scale_1.7,0,1.0,1.0,0.0,52472,0,28,51.0,51.2421875,141,[]
Railways,main,scale_2.1,0,1.0,1.0,0.0,52474,0,28,51.0,51.244140625,141,[]
Railways,main,translation_20,0,1.0,1.0,0.0,52474,0,28,51.0,51.244140625,141,[]
Railways,main,translation_30,0,1.0,1.0,0.0,52474,0,28,51.0,51.244140625,141,[]
Railways,main,translation_40,0,1.0,1.0,0.0,52472,0,28,51.0,51.2421875,141,[]
Railways,main,translation_50,0,1.0,1.0,0.0,52473,0,28,51.0,51.2431640625,141,[]
Railways,main,translation_60,0,1.0,1.0,0.0,52473,0,28,51.0,51.2431640625,141,[]
Railways,repeat,vertex_delete_30pct,1,0.9992072927806908,0.9990234375,0.0009765625,40169,0,20,39.0,39.2275390625,99,[1]
Railways,repeat,vertex_delete_50pct,1,0.9928631194931944,0.9912109375,0.0087890625,31904,0,14,31.0,31.15625,72,[1]
Railways,repeat,object_delete_30pct,1,1.0,1.0,0.0,36994,0,20,36.0,36.126953125,95,[1]
Railways,repeat,object_delete_90pct,1,0.9526173336479749,0.94140625,0.05859375,5509,6,0,5.0,5.3798828125,24,[1]
Railways,repeat,vertex_add_50pct,1,0.9864975311979914,0.9833984375,0.0166015625,75886,0,49,74.0,74.107421875,122,[1]
Railways,repeat,noise_50pct_1p4tau,1,0.8931521694094449,0.869140625,0.130859375,52474,0,27,51.0,51.244140625,75,[1]
Railways,repeat,compound,1,0.9279275124334992,0.912109375,0.087890625,30766,0,12,30.0,30.044921875,65,"[1, 10001, 20001, 30001]"
Railways,repeat,vertex_delete_30pct,2,0.997617471163186,0.9970703125,0.0029296875,40091,0,21,39.0,39.1513671875,88,[2]
Railways,repeat,vertex_delete_50pct,2,0.9912429266746572,0.9892578125,0.0107421875,31813,0,14,31.0,31.0673828125,78,[2]
Railways,repeat,object_delete_30pct,2,1.0,1.0,0.0,36488,0,16,35.0,35.6328125,100,[2]
Railways,repeat,object_delete_90pct,2,0.9479683941093622,0.935546875,0.064453125,5148,6,0,5.0,5.02734375,17,[2]
Railways,repeat,vertex_add_50pct,2,0.9856572155268516,0.982421875,0.017578125,75870,0,48,74.0,74.091796875,120,[2]
Railways,repeat,noise_50pct_1p4tau,2,0.8982043835969449,0.8759765625,0.1240234375,52474,0,30,51.0,51.244140625,76,[2]
Railways,repeat,compound,2,0.937809777879917,0.923828125,0.076171875,30048,0,11,29.0,29.34375,53,"[2, 10002, 20002, 30002]"
Railways,repeat,vertex_delete_30pct,3,0.9992072927806908,0.9990234375,0.0009765625,40135,0,20,39.0,39.1943359375,97,[3]
Railways,repeat,vertex_delete_50pct,3,0.993662103599709,0.9921875,0.0078125,31935,0,13,31.0,31.1865234375,64,[3]
Railways,repeat,object_delete_30pct,3,1.0,1.0,0.0,36337,0,12,35.0,35.4853515625,106,[3]
Railways,repeat,object_delete_90pct,3,0.9418658131647024,0.927734375,0.072265625,5926,7,0,6.0,5.787109375,22,[3]
Railways,repeat,vertex_add_50pct,3,0.9784669849842772,0.9736328125,0.0263671875,75883,0,48,74.0,74.1044921875,126,[3]
Railways,repeat,noise_50pct_1p4tau,3,0.9011267423506004,0.87890625,0.12109375,52474,0,34,51.0,51.244140625,74,[3]
Railways,repeat,compound,3,0.926992564103447,0.9091796875,0.0908203125,31278,0,14,30.0,30.544921875,54,"[3, 10003, 20003, 30003]"
Railways,repeat,vertex_delete_30pct,4,1.0,1.0,0.0,40065,0,17,39.0,39.1259765625,95,[4]
Railways,repeat,vertex_delete_50pct,4,0.9841029924901796,0.98046875,0.01953125,31894,0,13,31.0,31.146484375,75,[4]
Railways,repeat,object_delete_30pct,4,1.0,1.0,0.0,38024,0,17,37.0,37.1328125,105,[4]
Railways,repeat,object_delete_90pct,4,0.952785442377427,0.94140625,0.05859375,5876,5,0,5.0,5.73828125,20,[4]
Railways,repeat,vertex_add_50pct,4,0.988086094050162,0.9853515625,0.0146484375,75780,0,49,74.0,74.00390625,135,[4]
Railways,repeat,noise_50pct_1p4tau,4,0.8780650589699843,0.8515625,0.1484375,52474,0,30,51.0,51.244140625,83,[4]
Railways,repeat,compound,4,0.9345238704775928,0.919921875,0.080078125,30867,0,15,30.0,30.1435546875,55,"[4, 10004, 20004, 30004]"
Railways,repeat,vertex_delete_30pct,5,0.9992072927806908,0.9990234375,0.0009765625,40039,0,17,39.0,39.1005859375,95,[5]
Railways,repeat,vertex_delete_50pct,5,0.9834762710285796,0.9794921875,0.0205078125,31752,0,15,31.0,31.0078125,66,[5]
Railways,repeat,object_delete_30pct,5,1.0,1.0,0.0,35863,0,19,35.0,35.0224609375,102,[5]
Railways,repeat,object_delete_90pct,5,0.9465830042156108,0.93359375,0.06640625,5206,9,0,5.0,5.083984375,13,[5]
Railways,repeat,vertex_add_50pct,5,0.9800413496146358,0.9755859375,0.0244140625,75890,0,47,74.0,74.111328125,118,[5]
Railways,repeat,noise_50pct_1p4tau,5,0.8933723171914373,0.87109375,0.12890625,52474,0,28,51.0,51.244140625,83,[5]
Railways,repeat,compound,5,0.9195292101145934,0.9013671875,0.0986328125,29866,0,14,29.0,29.166015625,52,"[5, 10005, 20005, 30005]"
Railways,repeat,vertex_delete_30pct,6,0.9984126984126984,0.998046875,0.001953125,39963,0,18,39.0,39.0263671875,103,[6]
Railways,repeat,vertex_delete_50pct,6,0.9825685872915784,0.978515625,0.021484375,31730,0,12,31.0,30.986328125,71,[6]
Railways,repeat,object_delete_30pct,6,1.0,1.0,0.0,36872,0,18,36.0,36.0078125,94,[6]
Railways,repeat,object_delete_90pct,6,0.91965257940893,0.9013671875,0.0986328125,4858,14,0,5.0,4.744140625,14,[6]
Railways,repeat,vertex_add_50pct,6,0.9784938215084236,0.9736328125,0.0263671875,75866,0,49,74.0,74.087890625,135,[6]
Railways,repeat,noise_50pct_1p4tau,6,0.8874796338820536,0.8642578125,0.1357421875,52474,0,28,51.0,51.244140625,87,[6]
Railways,repeat,compound,6,0.9295354805137024,0.9130859375,0.0869140625,30441,0,14,30.0,29.7275390625,50,"[6, 10006, 20006, 30006]"
Railways,repeat,vertex_delete_30pct,7,0.9992072927806908,0.9990234375,0.0009765625,40133,0,20,39.0,39.1923828125,87,[7]
Railways,repeat,vertex_delete_50pct,7,0.9896910328494462,0.9873046875,0.0126953125,31961,0,13,31.0,31.2119140625,70,[7]
Railways,repeat,object_delete_30pct,7,0.9992060340153568,0.9990234375,0.0009765625,37236,0,15,36.0,36.36328125,106,[7]
Railways,repeat,object_delete_90pct,7,0.9418658131647024,0.927734375,0.072265625,5385,9,0,5.0,5.2587890625,14,[7]
Railways,repeat,vertex_add_50pct,7,0.9848376368068772,0.9814453125,0.0185546875,75829,0,46,73.5,74.0517578125,122,[7]
Railways,repeat,noise_50pct_1p4tau,7,0.8938204568265324,0.869140625,0.130859375,52474,0,31,51.0,51.244140625,80,[7]
Railways,repeat,compound,7,0.9272198326698148,0.91015625,0.08984375,30226,0,12,29.0,29.517578125,53,"[7, 10007, 20007, 30007]"
Railways,repeat,vertex_delete_30pct,8,0.9992060340153568,0.9990234375,0.0009765625,40060,0,21,39.0,39.12109375,96,[8]
Railways,repeat,vertex_delete_50pct,8,0.9896746569023328,0.9873046875,0.0126953125,31878,0,12,31.0,31.130859375,67,[8]
Railways,repeat,object_delete_30pct,8,1.0,1.0,0.0,37724,0,17,37.0,36.83984375,98,[8]
Railways,repeat,object_delete_90pct,8,0.9179993433804472,0.8984375,0.1015625,4361,14,0,4.0,4.2587890625,12,[8]
Railways,repeat,vertex_add_50pct,8,0.9841029924901796,0.98046875,0.01953125,75767,0,48,74.0,73.9912109375,129,[8]
Railways,repeat,noise_50pct_1p4tau,8,0.8841156057698102,0.8583984375,0.1416015625,52474,0,31,51.0,51.244140625,82,[8]
Railways,repeat,compound,8,0.9334909843811108,0.9189453125,0.0810546875,30206,0,13,30.0,29.498046875,49,"[8, 10008, 20008, 30008]"
Railways,repeat,vertex_delete_30pct,9,0.9992060340153568,0.9990234375,0.0009765625,40088,0,18,39.0,39.1484375,102,[9]
Railways,repeat,vertex_delete_50pct,9,0.9912429266746572,0.9892578125,0.0107421875,31773,0,14,31.0,31.0283203125,81,[9]
Railways,repeat,object_delete_30pct,9,1.0,1.0,0.0,35947,0,18,35.0,35.1044921875,109,[9]
Railways,repeat,object_delete_90pct,9,0.9408194102441676,0.9267578125,0.0732421875,4803,12,0,5.0,4.6904296875,14,[9]
Railways,repeat,vertex_add_50pct,9,0.9762294351155036,0.970703125,0.029296875,75940,0,46,74.0,74.16015625,115,[9]
Railways,repeat,noise_50pct_1p4tau,9,0.8976269238408823,0.8759765625,0.1240234375,52474,0,29,51.0,51.244140625,78,[9]
Railways,repeat,compound,9,0.9317945392429678,0.9169921875,0.0830078125,30194,0,12,29.0,29.486328125,52,"[9, 10009, 20009, 30009]"
Railways,repeat,vertex_delete_30pct,10,0.9992072927806908,0.9990234375,0.0009765625,40050,0,18,39.0,39.111328125,100,[10]
Railways,repeat,vertex_delete_50pct,10,0.9856928196185968,0.982421875,0.017578125,31743,0,11,31.0,30.9990234375,74,[10]
Railways,repeat,object_delete_30pct,10,0.9992072927806908,0.9990234375,0.0009765625,36739,0,19,36.0,35.8779296875,88,[10]
Railways,repeat,object_delete_90pct,10,0.9502179278615238,0.9375,0.0625,5638,4,0,5.0,5.505859375,13,[10]
Railways,repeat,vertex_add_50pct,10,0.9809523809523808,0.9765625,0.0234375,75912,0,47,74.0,74.1328125,117,[10]
Railways,repeat,noise_50pct_1p4tau,10,0.8855427505337032,0.8603515625,0.1396484375,52474,0,29,51.0,51.244140625,76,[10]
Railways,repeat,compound,10,0.9184293902107376,0.900390625,0.099609375,30028,0,14,29.0,29.32421875,52,"[10, 10010, 20010, 30010]"
