dataset,series,attack,seed,attack_seeds,nc,bit_accuracy,ber,votes_total,empty_bins,votes_min,votes_median,votes_mean,votes_max
Road,main,no_attack,0,[],1.0,1.0,0.0,69321,0,36,68.0,67.6962890625,92
Road,main,vertex_delete_30pct,1,[1],0.9809837992475595,0.9765625,0.0234375,49051,0,30,48.0,47.9013671875,72
Road,main,vertex_delete_50pct,1,[1],0.9150331899271343,0.8935546875,0.1064453125,35521,0,14,35.0,34.6884765625,53
Road,main,object_delete_30pct,2025,[2025],0.9984114366459335,0.998046875,0.001953125,50129,0,27,49.0,48.9541015625,72
Road,main,object_delete_90pct,2025,[2025],0.8984126984126984,0.875,0.125,8045,0,1,8.0,7.8564453125,18
Road,main,vertex_add_10pct,233337,[233337],0.9968253968253968,0.99609375,0.00390625,76188,0,42,74.0,74.40234375,106
Road,main,vertex_add_30pct,233337,[233337],0.9817052621026122,0.9775390625,0.0224609375,89932,0,56,88.0,87.82421875,126
Road,main,vertex_add_50pct,233337,[233337],0.9196902205939566,0.90234375,0.09765625,103570,0,69,101.0,101.142578125,140
Road,main,noise_10pct_0p6tau,2024,[2024],0.9952468916437276,0.994140625,0.005859375,69325,0,42,68.0,67.7001953125,94
Road,main,noise_50pct_1p4tau,2024,[2024],0.8378930874105431,0.8056640625,0.1943359375,69351,0,43,67.0,67.7255859375,98
Road,main,crop_half_x,0,[],1.0,1.0,0.0,68429,0,36,67.0,66.8251953125,92
Road,main,translation_10,0,[],1.0,1.0,0.0,69322,0,36,67.0,67.697265625,92
Road,main,scale_0p5,0,[],0.9992060340153568,0.9990234375,0.0009765625,69321,0,36,67.0,67.6962890625,92
Road,main,rotation_45,0,[],1.0,1.0,0.0,69322,0,35,67.0,67.697265625,92
Road,main,rotation_90,0,[],0.9992060340153568,0.9990234375,0.0009765625,69321,0,36,67.0,67.6962890625,92
Road,main,rotation_135,0,[],1.0,1.0,0.0,69322,0,35,67.0,67.697265625,92
Road,main,rotation_180,0,[],0.9992060340153568,0.9990234375,0.0009765625,69321,0,36,67.0,67.6962890625,92
Road,main,rotation_225,0,[],0.9976174711631861,0.9970703125,0.0029296875,69322,0,35,67.0,67.697265625,92
Road,main,rotation_270,0,[],0.9992060340153568,0.9990234375,0.0009765625,69321,0,36,67.0,67.6962890625,92
Road,main,rotation_315,0,[],0.9984126984126984,0.998046875,0.001953125,69322,0,35,67.0,67.697265625,92
Road,main,reverse_vertices,0,[],0.9992060340153568,0.9990234375,0.0009765625,69320,0,36,68.0,67.6953125,92
Road,main,reverse_objects,0,[],1.0,1.0,0.0,69321,0,36,68.0,67.6962890625,92
Road,main,compound,1,"[1, 2025, 233337, 2024]",0.8438889518941194,0.810546875,0.189453125,39000,0,21,38.0,38.0859375,56
Road,main,addition_alpha0_pct10,233337,[233337],1.0,1.0,0.0,76186,0,42,74.0,74.400390625,105
Road,main,addition_alpha0_pct30,233337,[233337],1.0,1.0,0.0,89914,0,44,88.0,87.806640625,124
Road,main,addition_alpha0_pct50,233337,[233337],0.9976162063830435,0.9970703125,0.0029296875,103546,0,60,101.0,101.119140625,142
Road,main,addition_alpha0.5_pct10,233337,[233337],0.9984114366459335,0.998046875,0.001953125,76188,0,45,74.0,74.40234375,103
Road,main,addition_alpha0.5_pct30,233337,[233337],0.9769001833626443,0.9716796875,0.0283203125,89932,0,55,87.0,87.82421875,120
Road,main,addition_alpha0.5_pct50,233337,[233337],0.9115289060535717,0.892578125,0.107421875,103570,0,73,101.0,101.142578125,131
Road,main,addition_alpha1_pct10,233337,[233337],0.9968253968253968,0.99609375,0.00390625,76188,0,42,74.0,74.40234375,106
Road,main,addition_alpha1_pct30,233337,[233337],0.9817052621026122,0.9775390625,0.0224609375,89932,0,56,88.0,87.82421875,126
Road,main,addition_alpha1_pct50,233337,[233337],0.9196902205939566,0.90234375,0.09765625,103570,0,69,101.0,101.142578125,140
Road,main,noise_strength0.6_pct10,2024,[2024],0.9952468916437276,0.994140625,0.005859375,69325,0,42,68.0,67.7001953125,94
Road,main,noise_strength0.6_pct30,2024,[2024],0.9568306190697232,0.947265625,0.052734375,69343,0,41,67.0,67.7177734375,92
Road,main,noise_strength0.6_pct50,2024,[2024],0.8425770149516875,0.8115234375,0.1884765625,69351,0,45,68.0,67.7255859375,94
Road,main,noise_strength1_pct10,2024,[2024],0.9952380952380953,0.994140625,0.005859375,69325,0,43,68.0,67.7001953125,97
Road,main,noise_strength1_pct30,2024,[2024],0.9631855526295907,0.955078125,0.044921875,69343,0,40,68.0,67.7177734375,99
Road,main,noise_strength1_pct50,2024,[2024],0.8444240997285186,0.8154296875,0.1845703125,69351,0,43,68.0,67.7255859375,95
Road,main,noise_strength1.4_pct10,2024,[2024],0.9976174711631861,0.9970703125,0.0029296875,69325,0,40,68.0,67.7001953125,93
Road,main,noise_strength1.4_pct30,2024,[2024],0.9544005050959985,0.9443359375,0.0556640625,69343,0,42,68.0,67.7177734375,99
Road,main,noise_strength1.4_pct50,2024,[2024],0.8378930874105431,0.8056640625,0.1943359375,69351,0,43,67.0,67.7255859375,98
Road,main,vertex_delete_10pct,1,[1],0.9968253968253968,0.99609375,0.00390625,62527,0,35,61.0,61.0615234375,87
Road,main,vertex_delete_20pct,1,[1],0.9928631194931944,0.9912109375,0.0087890625,55849,0,31,54.0,54.5400390625,82
Road,main,vertex_delete_40pct,1,[1],0.958865560747283,0.94921875,0.05078125,42253,0,21,41.0,41.2626953125,62
Road,main,object_delete_10pct,2025,[2025],0.9992072927806908,0.9990234375,0.0009765625,62315,0,32,60.0,60.8544921875,84
Road,main,object_delete_50pct,2025,[2025],0.9920935752286245,0.990234375,0.009765625,36559,0,17,35.0,35.7021484375,56
Road,main,object_delete_70pct,2025,[2025],0.9714750709834475,0.96484375,0.03515625,22598,0,7,22.0,22.068359375,40
Road,main,scale_0.1,0,[],1.0,1.0,0.0,69321,0,36,67.0,67.6962890625,92
Road,main,scale_0.9,0,[],1.0,1.0,0.0,69322,0,36,67.5,67.697265625,92
Road,main,scale_1.3,0,[],0.9992060340153568,0.9990234375,0.0009765625,69322,0,36,67.0,67.697265625,92
Road,main,scale_1.7,0,[],0.9992060340153568,0.9990234375,0.0009765625,69321,0,35,67.0,67.6962890625,92
Road,main,scale_2.1,0,[],1.0,1.0,0.0,69322,0,35,67.5,67.697265625,93
Road,main,translation_20,0,[],1.0,1.0,0.0,69321,0,36,67.0,67.6962890625,92
Road,main,translation_30,0,[],1.0,1.0,0.0,69322,0,36,67.0,67.697265625,92
Road,main,translation_40,0,[],0.9992060340153568,0.9990234375,0.0009765625,69322,0,36,67.0,67.697265625,93
Road,main,translation_50,0,[],0.9992060340153568,0.9990234375,0.0009765625,69321,0,36,67.0,67.6962890625,93
Road,main,translation_60,0,[],0.9992060340153568,0.9990234375,0.0009765625,69321,0,36,67.0,67.6962890625,92
Road,repeat,vertex_delete_30pct,1,[1],0.9809837992475595,0.9765625,0.0234375,49051,0,30,48.0,47.9013671875,72
Road,repeat,vertex_delete_50pct,1,[1],0.9150331899271343,0.8935546875,0.1064453125,35521,0,14,35.0,34.6884765625,53
Road,repeat,object_delete_30pct,1,[1],0.9968253968253968,0.99609375,0.00390625,52159,0,27,51.0,50.9365234375,74
Road,repeat,object_delete_90pct,1,[1],0.8965013616355371,0.873046875,0.126953125,9376,0,1,9.0,9.15625,21
Road,repeat,vertex_add_50pct,1,[1],0.9342860877394965,0.9189453125,0.0810546875,103559,0,69,101.0,101.1318359375,134
Road,repeat,noise_50pct_1p4tau,1,[1],0.8187265540540201,0.783203125,0.216796875,69352,0,42,68.0,67.7265625,92
Road,repeat,compound,1,"[1, 10001, 20001, 30001]",0.8478028346433037,0.8154296875,0.1845703125,38473,0,22,37.5,37.5712890625,57
Road,repeat,vertex_delete_30pct,2,[2],0.9746031746031746,0.96875,0.03125,49008,0,30,48.0,47.859375,68
Road,repeat,vertex_delete_50pct,2,[2],0.9083737430941391,0.8876953125,0.1123046875,35529,0,19,34.0,34.6962890625,54
Road,repeat,object_delete_30pct,2,[2],0.9944491628150685,0.9931640625,0.0068359375,47359,0,21,46.0,46.2490234375,68
Road,repeat,object_delete_90pct,2,[2],0.8908272453807266,0.865234375,0.134765625,6340,0,1,6.0,6.19140625,16
Road,repeat,vertex_add_50pct,2,[2],0.9248295950205686,0.908203125,0.091796875,103423,0,73,101.0,100.9990234375,130
Road,repeat,noise_50pct_1p4tau,2,[2],0.8360738295793639,0.8046875,0.1953125,69354,0,42,68.0,67.728515625,101
Road,repeat,compound,2,"[2, 10002, 20002, 30002]",0.8659263045723442,0.8369140625,0.1630859375,40779,0,18,40.0,39.8232421875,65
Road,repeat,vertex_delete_30pct,3,[3],0.9770827312295729,0.9716796875,0.0283203125,48969,0,25,48.0,47.8212890625,70
Road,repeat,vertex_delete_50pct,3,[3],0.9141285852509232,0.8935546875,0.1064453125,35581,0,17,34.0,34.7470703125,53
Road,repeat,object_delete_30pct,3,[3],0.9968316796877463,0.99609375,0.00390625,48734,0,27,47.0,47.591796875,72
Road,repeat,object_delete_90pct,3,[3],0.8824488994758835,0.8525390625,0.1474609375,4065,15,0,4.0,3.9697265625,12
Road,repeat,vertex_add_50pct,3,[3],0.9343380651964249,0.919921875,0.080078125,103550,0,71,101.0,101.123046875,130
Road,repeat,noise_50pct_1p4tau,3,[3],0.844827034897682,0.810546875,0.189453125,69352,0,44,67.0,67.7265625,106
Road,repeat,compound,3,"[3, 10003, 20003, 30003]",0.8374185579922631,0.8037109375,0.1962890625,38037,0,16,37.0,37.1455078125,58
Road,repeat,vertex_delete_30pct,4,[4],0.9841269841269841,0.98046875,0.01953125,49051,0,28,48.0,47.9013671875,68
Road,repeat,vertex_delete_50pct,4,[4],0.9137129417055905,0.892578125,0.107421875,35676,0,18,35.0,34.83984375,56
Road,repeat,object_delete_30pct,4,[4],0.9984126984126984,0.998046875,0.001953125,48797,0,23,47.0,47.6533203125,69
Road,repeat,object_delete_90pct,4,[4],0.8885936855762272,0.861328125,0.138671875,8967,0,2,9.0,8.7568359375,22
Road,repeat,vertex_add_50pct,4,[4],0.9364514200147518,0.9228515625,0.0771484375,103589,0,73,101.0,101.1611328125,131
Road,repeat,noise_50pct_1p4tau,4,[4],0.8488690319151658,0.822265625,0.177734375,69349,0,44,67.0,67.7236328125,97
Road,repeat,compound,4,"[4, 10004, 20004, 30004]",0.8644437068212841,0.833984375,0.166015625,35550,0,17,34.0,34.716796875,53
Road,repeat,vertex_delete_30pct,5,[5],0.975274596778782,0.9697265625,0.0302734375,49059,0,28,48.0,47.9091796875,71
Road,repeat,vertex_delete_50pct,5,[5],0.9132882016967575,0.8935546875,0.1064453125,35575,0,19,34.0,34.7412109375,54
Road,repeat,object_delete_30pct,5,[5],0.9984126984126984,0.998046875,0.001953125,47543,0,24,46.0,46.4287109375,71
Road,repeat,object_delete_90pct,5,[5],0.8849648734341302,0.8564453125,0.1435546875,5531,5,0,5.0,5.4013671875,15
Road,repeat,vertex_add_50pct,5,[5],0.9362148632916859,0.921875,0.078125,103551,0,64,101.0,101.1240234375,133
Road,repeat,noise_50pct_1p4tau,5,[5],0.8311245118358392,0.7978515625,0.2021484375,69355,0,44,67.0,67.7294921875,95
Road,repeat,compound,5,"[5, 10005, 20005, 30005]",0.8355612640754253,0.8017578125,0.1982421875,35387,0,19,34.0,34.5576171875,53
Road,repeat,vertex_delete_30pct,6,[6],0.9753065452168651,0.9697265625,0.0302734375,49089,0,27,48.0,47.9384765625,71
Road,repeat,vertex_delete_50pct,6,[6],0.9252793887387473,0.908203125,0.091796875,35588,0,18,35.0,34.75390625,63
Road,repeat,object_delete_30pct,6,[6],0.9976212494588167,0.9970703125,0.0029296875,52760,0,21,52.0,51.5234375,73
Road,repeat,object_delete_90pct,6,[6],0.8782041565882807,0.8466796875,0.1533203125,8517,0,1,8.0,8.3173828125,21
Road,repeat,vertex_add_50pct,6,[6],0.9263248742427678,0.91015625,0.08984375,103446,0,66,101.0,101.021484375,141
Road,repeat,noise_50pct_1p4tau,6,[6],0.8292718353002299,0.794921875,0.205078125,69355,0,45,68.0,67.7294921875,100
Road,repeat,compound,6,"[6, 10006, 20006, 30006]",0.8341684639770788,0.8017578125,0.1982421875,38628,0,22,37.0,37.72265625,57
Road,repeat,vertex_delete_30pct,7,[7],0.9842467186759434,0.98046875,0.01953125,48997,0,28,48.0,47.8486328125,69
Road,repeat,vertex_delete_50pct,7,[7],0.9184293902107377,0.900390625,0.099609375,35527,0,16,35.0,34.6943359375,56
Road,repeat,object_delete_30pct,7,[7],0.9960352061369425,0.9951171875,0.0048828125,50057,0,24,49.0,48.8837890625,73
Road,repeat,object_delete_90pct,7,[7],0.8807642291430686,0.853515625,0.146484375,5491,7,0,5.0,5.3623046875,15
Road,repeat,vertex_add_50pct,7,[7],0.9380952380952381,0.923828125,0.076171875,103447,0,67,101.0,101.0224609375,131
Road,repeat,noise_50pct_1p4tau,7,[7],0.8285826026750163,0.796875,0.203125,69348,0,42,67.0,67.72265625,95
Road,repeat,compound,7,"[7, 10007, 20007, 30007]",0.8485973311661179,0.8125,0.1875,35747,0,17,35.0,34.9091796875,56
Road,repeat,vertex_delete_30pct,8,[8],0.9848683740915403,0.9814453125,0.0185546875,49237,0,29,48.0,48.0830078125,68
Road,repeat,vertex_delete_50pct,8,[8],0.9195292101145934,0.9013671875,0.0986328125,35751,0,20,35.0,34.9130859375,58
Road,repeat,object_delete_30pct,8,[8],0.9992060340153568,0.9990234375,0.0009765625,49064,0,26,48.0,47.9140625,74
Road,repeat,object_delete_90pct,8,[8],0.846947133880776,0.8115234375,0.1884765625,4641,9,0,4.0,4.5322265625,14
Road,repeat,vertex_add_50pct,8,[8],0.9208855950759561,0.904296875,0.095703125,103477,0,73,101.0,101.0517578125,131
Road,repeat,noise_50pct_1p4tau,8,[8],0.8341684639770788,0.8017578125,0.1982421875,69354,0,45,68.0,67.728515625,99
Road,repeat,compound,8,"[8, 10008, 20008, 30008]",0.8573643124771667,0.828125,0.171875,36900,0,20,36.0,36.03515625,55
Road,repeat,vertex_delete_30pct,9,[9],0.981792159997437,0.9775390625,0.0224609375,48950,0,24,47.0,47.802734375,71
Road,repeat,vertex_delete_50pct,9,[9],0.9024678238060456,0.8828125,0.1171875,35430,0,18,35.0,34.599609375,60
Road,repeat,object_delete_30pct,9,[9],0.9968216095175163,0.99609375,0.00390625,52755,0,29,51.0,51.5185546875,73
Road,repeat,object_delete_90pct,9,[9],0.8723238270307618,0.8427734375,0.1572265625,6842,0,1,7.0,6.681640625,17
Road,repeat,vertex_add_50pct,9,[9],0.9432698144741193,0.9306640625,0.0693359375,103618,0,71,101.0,101.189453125,134
Road,repeat,noise_50pct_1p4tau,9,[9],0.8203640071621281,0.78515625,0.21484375,69346,0,40,68.0,67.720703125,104
Road,repeat,compound,9,"[9, 10009, 20009, 30009]",0.8495330574358274,0.8193359375,0.1806640625,38941,0,21,38.0,38.0283203125,60
Road,repeat,vertex_delete_30pct,10,[10],0.9817608162400756,0.9775390625,0.0224609375,49067,0,27,48.0,47.9169921875,73
Road,repeat,vertex_delete_50pct,10,[10],0.9211228482603726,0.9033203125,0.0966796875,35451,0,17,35.0,34.6201171875,52
Road,repeat,object_delete_30pct,10,[10],0.9976174711631861,0.9970703125,0.0029296875,49768,0,25,49.0,48.6015625,74
Road,repeat,object_delete_90pct,10,[10],0.8999327712386982,0.875,0.125,7747,0,1,7.0,7.5654296875,18
Road,repeat,vertex_add_50pct,10,[10],0.9355635236893614,0.9208984375,0.0791015625,103568,0,69,101.0,101.140625,138
Road,repeat,noise_50pct_1p4tau,10,[10],0.8283354955420351,0.7939453125,0.2060546875,69350,0,43,67.0,67.724609375,103
Road,repeat,compound,10,"[10, 10010, 20010, 30010]",0.8614838058314871,0.833984375,0.166015625,37657,0,20,36.0,36.7744140625,57
